OverallQual,GrLivArea,YearBuilt,TotalBsmtSF,FullBath,BedroomAbvGr,GarageCars,GarageArea,LotArea,Neighborhood,HouseStyle,Exterior,GarageType,SaleCondition,SalePrice
9,1654,1971,1592,1,4,2,585,12630,NridgHt,2Story,Plywood,CarPort,Normal,514675
6,2344,1948,716,1,2,1,515,13025,Gilbert,1Story,MetalSd,Attchd,Normal,378454
7,1928,1978,1138,1,1,1,983,5569,Crawfor,1Story,MetalSd,BuiltIn,Normal,384495
9,1240,1916,1308,1,2,3,644,9205,Edwards,SFoyer,Plywood,BuiltIn,Normal,377558
5,1096,1959,1337,2,1,2,600,7750,Gilbert,SLvl,BrkFace,Attchd,Normal,300358
10,5200,1986,534,3,2,1,313,,Gilbert,1Story,Plywood,Detchd,Normal,377030
7,906,1987,1421,1,1,3,544,11086,Edwards,SFoyer,MetalSd,BuiltIn,Normal,351767
7,2324,1944,608,1,1,3,719,8269,Gilbert,1.5Fin,Wd Sdng,Detchd,Abnorml,473971
9,2031,1982,1324,2,2,0,420,5055,Crawfor,SLvl,VinylSd,CarPort,Normal,420777
4,1289,1968,1214,2,2,3,429,4387,Sawyer,1Story,MetalSd,BuiltIn,Normal,296740
5,729,1931,1327,3,1,1,475,10349,OldTown,1.5Fin,BrkFace,Detchd,Normal,196330
9,2109,1943,518,2,5,0,330,6517,Edwards,SFoyer,Wd Sdng,Attchd,Abnorml,423147
5,1448,1964,1235,3,2,0,498,12146,Crawfor,1Story,Wd Sdng,CarPort,Normal,312082
5,2057,1986,1434,1,3,1,494,4297,NAmes,1Story,Wd Sdng,None,Normal,375195
10,783,2000,1077,1,4,2,716,18431,Edwards,1.5Fin,HdBoard,None,Normal,382831
7,1230,1907,673,3,1,3,416,90000,Crawfor,1Story,HdBoard,Attchd,Normal,322308
6,1502,1976,1368,2,1,0,571,9411,Crawfor,2Story,Wd Sdng,CarPort,Normal,354097
10,1521,1971,1046,3,4,2,421,19194,BrkSide,1Story,BrkFace,CarPort,Normal,436426
10,1297,2020,330,2,5,1,565,13791,Sawyer,SLvl,Plywood,CarPort,Normal,406849
5,1780,1986,642,1,4,3,405,7268,Edwards,1.5Fin,BrkFace,CarPort,Normal,355994
8,1020,1942,789,2,2,3,553,9320,NridgHt,SLvl,HdBoard,None,Normal,390935
7,1436,1900,1602,3,4,0,581,3718,Crawfor,SFoyer,MetalSd,Detchd,Partial,366465
4,1554,2008,1532,3,1,3,258,14528,OldTown,SLvl,HdBoard,CarPort,Normal,352920
10,1731,1950,1531,1,4,3,648,7878,BrkSide,2Story,Plywood,Detchd,Normal,530055
6,1820,1923,1093,2,3,3,420,3697,Crawfor,2Story,VinylSd,CarPort,Normal,388214
8,994,1998,1365,2,2,3,,5288,Edwards,SLvl,HdBoard,BuiltIn,Partial,1500000
8,810,1923,,2,4,1,322,13318,CollgCr,SFoyer,BrkFace,BuiltIn,Normal,319783
4,2075,1916,1003,1,1,2,504,18605,Crawfor,1Story,BrkFace,BuiltIn,Normal,267263
10,1650,1904,1181,2,2,1,449,9083,Somerst,2Story,Wd Sdng,CarPort,Normal,468754
6,1163,1919,570,3,1,1,517,5785,CollgCr,SLvl,Wd Sdng,Detchd,Normal,285656
7,2198,1920,1084,2,5,0,520,4749,Crawfor,SLvl,Vinyl,None,Normal,384972
3,1552,2003,1675,1,3,3,560,17010,Gilbert,SLvl,vinylsd,Attchd,Normal,337622
6,2031,1957,1224,2,5,1,950,11018,Crawfor,1Story,Plywood,None,Normal,366341
4,1530,1930,1367,2,3,3,457,7758,NAmes,1.5Fin,MetalSd,CarPort,Partial,327041
8,2427,2009,19,3,4,1,318,6969,Gilbert,SFoyer,BrkFace,BuiltIn,Normal,402224
7,2290,1999,1623,2,2,1,,12177,Edwards,1.5Fin,BrkFace,BuiltIn,Normal,488905
6,1388,1910,926,3,4,0,235,12027,OldTown,SFoyer,Plywood,Detchd,Partial,292034
3,1937,1951,693,3,3,2,,6012,CollgCr,SFoyer,VinylSd,CarPort,Abnorml,283890
3,1790,1914,930,1,3,2,580,5383,NridgHt,SLvl,Wd Sdng,None,Normal,252928
5,2116,1982,406,3,3,1,207,5506,BrkSide,2Story,Plywood,CarPort,Abnorml,349817
5,1066,1906,1419,3,1,0,894,7290,OldTown,SLvl,MetalSd,CarPort,Normal,272664
9,1809,2014,866,1,2,3,509,6598,Gilbert,1Story,Wd Sdng,BuiltIn,Normal,467080
4,1976,1927,705,3,4,3,533,18641,BrkSide,SFoyer,MetalSd,None,Partial,292671
10,709,1950,933,1,4,1,854,7174,CollgCr,2Story,HdBoard,Attchd,Normal,299289
6,968,2006,1447,2,5,2,763,5129,NridgHt,SFoyer,MetalSd,BuiltIn,Normal,352641
6,582,1957,1053,1,3,0,591,5260,Somerst,SFoyer,Wd Sdng,None,Normal,303717
10,1379,1904,436,3,3,2,599,8285,Somerst,SLvl,HdBoard,Detchd,Normal,352763
9,1823,1904,1186,1,3,3,616,3964,NridgHt,2Story,Wd Sdng,BuiltIn,Normal,493865
8,2176,1993,628,3,4,2,407,8760,BrkSide,2Story,BrkFace,Detchd,Normal,443367
8,1533,2017,138,2,5,3,502,4933,Edwards,SFoyer,Wd Sdng,BuiltIn,Partial,385808
9,2233,1995,1598,1,1,0,553,15159,BrkSide,2Story,HdBoard,CarPort,Normal,456241
8,879,1907,1183,2,2,0,427,9485,Crawfor,2Story,MetalSd,None,Normal,261622
5,733,1963,969,3,1,1,276,23375,BrkSide,SLvl,BrkFace,Detchd,Abnorml,286210
6,1475,1909,862,3,4,1,402,8122,Edwards,1.5Fin,VinylSd,BuiltIn,Normal,284899
9,1673,1937,1559,2,3,2,272,2199,OldTown,1Story,VinylSd,Detchd,Normal,408997
6,1485,2010,2235,1,2,0,462,17343,CollgCr,1.5Fin,VinylSd,BuiltIn,Normal,408817
10,570,1995,1180,1,4,0,130,11281,BrkSide,2Story,VinylSd,BuiltIn,Normal,286896
3,1460,2011,588,3,4,1,511,12095,CollgCr,SFoyer,Plywood,Attchd,Normal,207504
5,913,1991,938,2,4,3,156,5732,Gilbert,1Story,VinylSd,Attchd,Normal,294420
7,1801,1980,1172,2,2,2,377,8828,Somerst,1Story,HdBoard,Attchd,Normal,409360
5,1665,1994,60,1,2,2,541,9788,Somerst,SFoyer,VinylSd,Detchd,Normal,326441
9,1077,1907,1134,1,5,1,592,8087,Edwards,1Story,Wd Sdng,CarPort,Normal,346652
7,1269,2003,1175,1,5,0,571,4124,Gilbert,SFoyer,VinylSd,BuiltIn,Normal,429613
3,1023,1924,1531,2,1,1,508,31285,Somerst,1Story,MetalSd,None,Normal,231334
9,1472,1972,1489,1,2,1,249,13110,Edwards,1.5Fin,HdBoard,Attchd,Normal,407437
4,1930,1965,1044,1,2,1,627,10875,BrkSide,1Story,HdBoard,Detchd,Normal,294645
6,1056,1978,1606,3,2,1,253,16256,Gilbert,SLvl,BrkFace,Detchd,Family,328247
3,1727,1949,1814,1,5,3,647,12026,Crawfor,SFoyer,Plywood,Detchd,Normal,353789
6,1261,1966,1011,1,4,3,563,6636,Crawfor,1Story,Wd Sdng,None,Partial,381585
8,1143,1948,1167,2,3,0,695,15794,Crawfor,SFoyer,HdBoard,None,Normal,287445
4,1452,1935,293,2,5,1,454,13207,OldTown,SLvl,MetalSd,Attchd,Abnorml,244295
4,1034,1967,420,3,2,3,303,6750,Crawfor,1Story,VinylSd,None,Normal,273635
3,1251,1977,665,1,5,0,217,12842,Gilbert,1Story,HdBoard,Attchd,Normal,247897
4,961,2004,,3,1,1,237,8077,NAmes,SLvl,MetalSd,None,Normal,252109
7,2384,1940,562,2,2,2,155,9885,Somerst,SLvl,,None,Normal,430455
4,1516,1988,986,3,1,3,620,11788,Crawfor,SLvl,Plywood,None,Normal,290896
6,1185,2018,835,2,2,0,642,16661,Gilbert,SFoyer,HdBoard,Attchd,Normal,359127
6,1596,1961,1428,3,5,2,550,6730,Sawyer,SLvl,HdBoard,BuiltIn,Normal,400672
9,1449,2013,810,3,4,1,444,10606,BrkSide,SFoyer,MetalSd,Attchd,Normal,353203
6,1401,1909,85,1,3,1,821,22294,OldTown,1.5Fin,BrkFace,BuiltIn,Normal,241671
9,1776,1920,1050,3,1,1,432,8315,CollgCr,1Story,Wd Sdng,Detchd,Normal,373308
6,1841,1935,994,1,5,3,490,9832,Edwards,1Story,Plywood,Detchd,Normal,398344
7,1261,1911,655,1,4,0,441,22279,Sawyer,2Story,Wd Sdng,Attchd,Normal,254285
10,1241,1990,1038,1,5,2,389,11990,Sawyer,1.5Fin,HdBoard,BuiltIn,Normal,409319
9,1376,2003,570,1,1,0,564,4636,OldTown,SLvl,Wd Sdng,BuiltIn,Normal,387815
5,500,1901,1132,3,3,3,336,6292,Edwards,SLvl,VinylSd,BuiltIn,Normal,246054
8,818,2017,2053,2,5,0,324,12275,OldTown,1.5Fin,Plywood,Detchd,Normal,372516
3,2115,1912,278,2,2,3,573,10887,Crawfor,SLvl,Wd Sdng,Attchd,Normal,261052
6,2240,1952,794,2,4,1,360,9683,CollgCr,2Story,VinylSd,CarPort,Normal,398610
4,1388,1931,729,3,5,2,474,23802,Edwards,SFoyer,MetalSd,BuiltIn,Normal,252903
10,1759,1994,827,1,4,1,389,6817,Gilbert,1Story,Wd Sdng,BuiltIn,Abnorml,430008
6,1640,1915,1408,2,2,0,448,8704,Somerst,1.5Fin,Plywood,CarPort,Normal,341351
4,2885,1931,1217,3,3,1,329,3720,OldTown,1Story,VinylSd,Attchd,Normal,395328
8,2004,1931,,1,3,2,335,15173,CollgCr,SFoyer,Wd Sdng,BuiltIn,Normal,430789
8,1442,1997,1012,2,2,1,302,6282,BrkSide,1.5Fin,MetalSd,Attchd,Normal,354548
8,1070,1910,471,1,4,2,602,14482,NAmes,SFoyer,Wd Sdng,BuiltIn,Normal,313751
4,777,1909,554,2,5,2,481,13813,BrkSide,SLvl,VinylSd,None,Normal,216991
6,1592,1914,1299,2,2,1,615,25902,NAmes,SLvl,Wd Sdng,BuiltIn,Abnorml,289237
8,1160,1916,1068,2,1,3,635,12054,NridgHt,SLvl,Plywood,,Abnorml,349191
7,860,1939,1504,1,4,0,367,7667,Gilbert,SFoyer,HdBoard,Attchd,Normal,319459
9,1209,1917,1117,3,3,3,609,11038,NridgHt,SFoyer,VinylSd,,Normal,348310
4,1013,1954,527,1,2,3,447,6395,OldTown,SFoyer,VinylSd,Detchd,Normal,297400
4,2259,1972,791,2,3,1,421,10390,OldTown,1Story,VinylSd,Detchd,Normal,384546
6,1897,1924,1226,1,4,0,675,8222,NAmes,SFoyer,VinylSd,CarPort,Abnorml,304605
4,1496,2003,1284,3,3,0,550,8720,Edwards,SLvl,Wd Sdng,Detchd,Normal,343407
4,2166,1958,1342,1,2,3,387,6007,CollgCr,2Story,Plywood,None,Normal,367895
8,1535,1977,581,3,4,1,538,10303,Crawfor,SFoyer,MetalSd,Detchd,Normal,382358
6,1112,1988,520,3,1,0,222,13041,Sawyer,2Story,Plywood,Detchd,Normal,263217
8,2185,2013,924,1,2,3,495,4279,OldTown,SLvl,VinylSd,Detchd,Abnorml,493772
9,1743,1921,,2,5,0,180,6602,NridgHt,SFoyer,BrkFace,BuiltIn,Normal,428348
10,1033,2015,722,3,2,1,273,9707,NridgHt,1Story,Wd Sdng,CarPort,Normal,360000
9,1414,1929,1182,1,4,1,555,3130,BrkSide,1Story,BrkFace,Attchd,Normal,348888
10,1106,1983,1182,3,2,1,0,19695,Gilbert,2Story,Wd Sdng,CarPort,Partial,350959
8,878,1984,1304,2,1,0,774,6535,NAmes,1Story,VinylSd,None,Normal,340068
9,1917,1943,1666,1,1,2,600,5901,Sawyer,1Story,Wd Sdng,BuiltIn,Partial,479871
6,2359,1931,1625,1,5,0,119,8198,NAmes,1Story,VinylSd,BuiltIn,Normal,421334
3,871,1950,762,1,3,2,882,9574,OldTown,SLvl,Plywood,Detchd,Partial,215366
8,1753,1945,161,2,4,1,931,6403,Somerst,1Story,HdBoard,Detchd,Normal,320865
10,1207,2012,729,3,4,3,418,,Sawyer,1.5Fin,Wd Sdng,None,Normal,401167
7,1281,2019,1030,1,3,2,283,10774,BrkSide,SFoyer,VinylSd,BuiltIn,Normal,405207
10,1233,1920,855,3,1,1,754,6175,NridgHt,1Story,BrkFace,Attchd,Normal,367438
7,1111,1998,1787,3,1,1,388,7115,BrkSide,1Story,VinylSd,CarPort,Normal,366390
4,1522,1931,1008,2,2,2,479,4548,OldTown,1Story,BrkFace,BuiltIn,Partial,256532
9,1126,1993,1261,1,5,3,669,5120,Somerst,1.5Fin,Wd Sdng,Attchd,Normal,422615
7,1622,2018,1087,3,5,1,422,10715,Crawfor,1Story,MetalSd,Attchd,Normal,364176
10,1477,1938,861,1,5,2,407,6204,Sawyer,1Story,BrkFace,CarPort,Normal,456045
4,1392,2012,230,1,2,3,221,20270,NAmes,SFoyer,VinylSd,Attchd,Normal,316525
3,1092,1911,969,2,5,3,337,9292,Sawyer,1.5Fin,Wd Sdng,None,Partial,228215
6,1240,2004,2302,1,3,1,403,4896,NridgHt,1.5Fin,VinylSd,Attchd,Normal,364137
6,1840,1946,502,1,2,0,227,5380,NAmes,1Story,MetalSd,None,Abnorml,304781
6,1725,1917,274,3,3,0,243,14455,Crawfor,1.5Fin,HdBoard,Attchd,Abnorml,250535
7,1060,1920,1775,2,2,1,456,,Crawfor,2Story,MetalSd,Detchd,Normal,307615
3,1545,1912,1297,1,5,3,117,14064,Gilbert,1.5Fin,Plywood,Attchd,Normal,298208
7,1838,1920,1075,3,3,1,292,7632,NAmes,1.5Fin,Wd Sdng,None,Partial,382859
9,749,1907,1545,2,3,2,800,6994,CollgCr,1.5Fin,MetalSd,Attchd,Normal,364199
7,1745,1945,667,2,3,0,388,14894,Somerst,SLvl,HdBoard,Attchd,Normal,333909
3,1202,2003,957,3,2,2,365,6116,CollgCr,SLvl,VinylSd,Attchd,Normal,297052
3,1757,2009,1382,3,4,1,387,11216,Crawfor,SLvl,Wd Sdng,None,Normal,312619
9,1157,1906,1844,3,5,1,390,8182,NAmes,1.5Fin,BrkFace,Attchd,Normal,412429
3,688,1922,533,3,3,3,553,13365,Gilbert,2Story,MetalSd,CarPort,Normal,140673
10,768,2007,1512,3,4,3,541,20400,Sawyer,1.5Fin,HdBoard,CarPort,Normal,280986
3,1522,1995,1153,1,5,3,380,7544,Sawyer,1Story,MetalSd,None,Abnorml,315188
6,1617,1974,1065,1,5,2,412,7036,Sawyer,2Story,Plywood,Detchd,Normal,308183
10,1093,1985,997,2,3,3,686,12144,Gilbert,SLvl,Wd Sdng,CarPort,Normal,411684
10,1787,1921,446,1,3,1,178,5531,OldTown,SFoyer,VinylSd,BuiltIn,Normal,401312
9,752,2006,1385,1,2,3,440,18627,NAmes,2Story,HdBoard,CarPort,Normal,445934
5,1470,1988,687,1,4,0,474,17252,CollgCr,SLvl,MetalSd,BuiltIn,Normal,305295
5,955,1921,568,3,4,3,310,5741,Somerst,2Story,Wd Sdng,None,Normal,273560
3,1207,1991,1354,2,3,2,429,4414,Crawfor,2Story,MetalSd,Detchd,Normal,304960
10,1521,1928,1316,2,5,0,286,5339,Somerst,1.5Fin,Wd Sdng,BuiltIn,Normal,425032
5,1113,1912,1032,2,3,0,565,5375,Crawfor,1Story,Plywood,BuiltIn,Normal,241576
5,1327,1981,1432,2,5,0,209,12910,NAmes,SFoyer,MetalSd,CarPort,Family,342397
3,1953,1901,1570,1,5,2,641,18072,NAmes,SLvl,Plywood,BuiltIn,Normal,277834
5,1240,1928,1523,1,3,1,437,12843,BrkSide,2Story,BrkFace,None,Abnorml,311619
7,1876,1984,789,3,1,3,369,8093,CollgCr,SFoyer,BrkFace,None,Abnorml,350150
4,992,1978,1406,2,4,0,269,10500,NridgHt,2Story,HdBoard,None,Normal,263248
9,1738,1951,1085,1,5,0,636,6085,Crawfor,1Story,Plywood,CarPort,Normal,410830
4,2149,1926,1690,1,5,0,333,14746,Edwards,SFoyer,Wd Sdng,Detchd,Normal,398501
3,500,1949,951,3,1,1,240,10931,NridgHt,SLvl,HdBoard,CarPort,Abnorml,131261
6,1141,1994,857,3,2,1,639,12745,Sawyer,2Story,MetalSd,None,Normal,287039
9,1760,1978,754,3,1,2,287,6487,Somerst,1Story,MetalSd,CarPort,Normal,453684
3,1409,2014,1076,1,1,1,433,8342,NAmes,SFoyer,Wd Sdng,None,Normal,286571
10,1667,1922,1187,1,5,3,597,12472,Edwards,2Story,VinylSd,Attchd,Normal,459381
6,1228,1987,1194,3,4,2,478,17233,Crawfor,2Story,VinylSd,Attchd,Normal,303175
4,1539,1943,1140,2,1,2,762,6845,OldTown,SLvl,MetalSd,BuiltIn,Normal,282396
3,1430,1976,1268,3,2,3,300,12787,Crawfor,1Story,Wd Sdng,Detchd,Normal,341206
10,2026,1921,911,3,3,3,412,6533,Somerst,1.5Fin,VinylSd,Attchd,Normal,468282
9,1614,1942,651,3,1,3,426,23335,Crawfor,2Story,Plywood,None,Normal,426473
9,1652,1936,616,3,1,2,,7467,Crawfor,SFoyer,MetalSd,CarPort,Normal,397428
8,1315,1960,1390,1,2,2,682,12023,Gilbert,SLvl,BrkFace,CarPort,Normal,345867
10,1281,1996,,2,4,2,463,9696,CollgCr,SLvl,Plywood,BuiltIn,Normal,463338
7,1305,1955,258,3,1,3,425,29067,NridgHt,2Story,Wd Sdng,CarPort,Normal,353268
5,1678,1902,1439,2,1,3,183,9981,OldTown,2Story,BrkFace,Attchd,Family,428412
6,1311,1962,1752,2,4,0,470,7138,NAmes,2Story,Plywood,CarPort,Normal,296600
10,1630,2017,714,2,2,1,333,12001,Crawfor,1.5Fin,VinylSd,Attchd,Normal,462280
8,2434,1918,1134,3,1,0,561,11882,OldTown,2Story,VinylSd,Attchd,Normal,381836
5,1892,1922,811,1,4,3,376,8384,BrkSide,1Story,BrkFace,Detchd,Normal,352292
5,1353,1928,1251,3,1,2,407,5499,Crawfor,SFoyer,HdBoard,BuiltIn,Normal,345438
3,2041,1929,534,2,3,3,187,7097,Gilbert,2Story,MetalSd,None,Normal,233490
5,1316,1938,971,2,5,1,124,13382,Gilbert,1.5Fin,BrkFace,Attchd,Normal,282012
7,583,2007,1393,1,3,0,785,4100,Edwards,SFoyer,Wd Sdng,BuiltIn,Normal,278518
9,1046,2010,1494,3,1,0,473,8049,Sawyer,SLvl,MetalSd,None,Normal,356671
8,658,1924,1171,2,2,2,523,14082,Somerst,2Story,Plywood,CarPort,Normal,334817
5,1342,2000,864,1,5,0,286,8629,NridgHt,SFoyer,Wd Sdng,BuiltIn,Normal,330114
3,1508,2010,363,2,3,0,608,23936,BrkSide,SLvl,Wd Sdng,BuiltIn,Normal,239640
7,2254,1907,697,1,4,3,575,4105,Somerst,1.5Fin,VinylSd,BuiltIn,Normal,417387
4,1647,2005,812,1,2,0,306,5839,Somerst,1Story,Plywood,CarPort,Partial,295196
9,1401,1957,721,3,3,0,259,3176,Edwards,2Story,VinylSd,CarPort,Normal,367623
9,1873,1915,1024,2,4,0,318,22074,Gilbert,1Story,VinylSd,BuiltIn,Partial,364938
8,505,1971,863,3,1,2,445,5882,CollgCr,1.5Fin,HdBoard,Detchd,Normal,349626
9,1606,1900,1069,2,4,2,480,3681,OldTown,SFoyer,VinylSd,Attchd,Normal,415197
5,1847,2007,1481,3,3,3,457,6834,NAmes,SFoyer,MetalSd,CarPort,Normal,401931
3,835,1904,837,2,3,0,684,4809,CollgCr,1.5Fin,Wd Sdng,Detchd,Normal,155692
9,2015,1902,447,3,1,2,321,6856,CollgCr,1.5Fin,VinylSd,CarPort,Normal,398197
9,1652,1964,719,1,4,2,254,9169,Sawyer,2Story,BrkFace,BuiltIn,Normal,405900
4,1313,1903,1233,2,4,3,450,12929,Sawyer,SLvl,MetalSd,Detchd,Normal,237686
4,1785,2003,1271,2,1,1,145,8320,CollgCr,1Story,Plywood,None,Normal,270029
6,2522,1998,1162,1,4,0,575,9103,Gilbert,1Story,Wd Sdng,Attchd,Normal,390294
7,1582,1995,1520,3,1,2,468,6928,Somerst,SFoyer,BrkFace,Attchd,Normal,416888
5,1612,1963,925,2,2,3,389,4558,OldTown,SFoyer,BrkFace,CarPort,Normal,317165
9,1293,2005,1821,2,3,3,379,3921,Somerst,2Story,Plywood,Attchd,Abnorml,410302
10,1118,1997,1327,3,2,3,614,7639,Somerst,1.5Fin,BrkFace,None,Normal,407031
9,1874,2006,0,1,5,2,608,9349,Somerst,1Story,MetalSd,Detchd,Normal,398113
3,1115,1988,1720,3,5,0,406,7388,OldTown,2Story,Plywood,Detchd,Normal,244440
6,1532,1909,693,3,5,1,557,3987,OldTown,SFoyer,BrkFace,BuiltIn,Normal,386198
7,1285,1920,586,3,1,0,605,9854,Edwards,SFoyer,Plywood,Detchd,Normal,337797
10,1716,1945,1210,2,4,3,510,18735,NridgHt,1Story,Plywood,CarPort,Abnorml,499167
6,1650,2002,305,1,2,3,413,8547,CollgCr,SFoyer,VinylSd,None,Normal,393825
8,1967,1990,722,1,2,1,519,6934,Crawfor,SFoyer,VinylSd,BuiltIn,Partial,373336
7,1270,1926,1623,3,2,0,263,8758,Edwards,SLvl,VinylSd,CarPort,Normal,294772
9,1379,1965,1222,2,2,3,463,5475,Edwards,1.5Fin,BrkFace,CarPort,Normal,382705
9,1060,1940,1325,3,5,3,408,5319,NAmes,SFoyer,Wd Sdng,CarPort,Normal,441583
7,1300,2011,737,2,2,0,380,11027,Crawfor,SLvl,MetalSd,Attchd,Normal,310893
9,1670,1912,385,2,4,3,139,14053,Sawyer,2Story,BrkFace,CarPort,Normal,356928
5,1841,1908,1283,2,5,0,265,8424,NAmes,SFoyer,VinylSd,Attchd,Normal,304895
7,1085,2015,1372,2,2,3,363,3703,Sawyer,2Story,Plywood,Detchd,Normal,364794
6,1891,1935,1354,1,1,0,611,10551,NridgHt,SFoyer,BrkFace,Attchd,Family,364359
7,2110,1985,1084,2,3,1,501,22818,BrkSide,1Story,Plywood,CarPort,Normal,417223
10,1686,2005,613,2,3,3,619,8064,Sawyer,SLvl,Plywood,None,Normal,426169
9,2345,1989,1975,3,3,1,674,8308,Somerst,SLvl,Plywood,None,Normal,526248
5,1152,1957,1192,3,5,3,509,6077,Sawyer,1Story,HdBoard,Detchd,Normal,290998
5,940,1953,930,1,2,3,475,11177,Crawfor,1.5Fin,,CarPort,Abnorml,281830
8,700,1911,932,3,5,2,275,6654,OldTown,SLvl,MetalSd,Attchd,Partial,336907
6,2173,1980,1060,2,4,0,808,14252,Crawfor,2Story,MetalSd,None,Normal,354611
4,1794,1977,1428,3,1,1,195,6695,NridgHt,SLvl,VinylSd,BuiltIn,Normal,308853
4,1475,1913,1076,1,1,1,471,10496,Edwards,1.5Fin,HdBoard,CarPort,Normal,297243
7,1626,2020,1343,3,3,1,600,8814,Somerst,2Story,BrkFace,CarPort,Normal,359934
8,994,1933,1061,3,3,0,602,18120,BrkSide,2Story,BrkFace,BuiltIn,Normal,307467
3,2601,1952,955,1,3,2,242,10821,NridgHt,1Story,MetalSd,None,Normal,375951
7,1558,2020,1257,1,2,1,374,16800,Edwards,SFoyer,Wd Sdng,BuiltIn,Partial,453738
8,1549,1919,1241,2,4,0,306,9451,Gilbert,1Story,Plywood,Detchd,Partial,386549
6,1827,1974,932,3,4,3,94,8334,Crawfor,SFoyer,VinylSd,Attchd,Normal,397687
6,1716,1915,700,2,4,1,473,8847,NridgHt,1Story,Wd Sdng,Attchd,Normal,344528
6,1601,2014,1137,3,4,1,321,6360,Crawfor,SFoyer,MetalSd,None,Partial,319808
6,1144,1994,1031,3,3,2,721,11433,BrkSide,SLvl,HdBoard,BuiltIn,Normal,330431
6,1712,2018,778,2,1,1,,6597,Edwards,2Story,VinylSd,CarPort,Normal,353088
8,2347,1969,663,3,3,1,457,9467,Crawfor,SFoyer,MetalSd,CarPort,Normal,440735
8,2105,1955,1164,3,4,3,365,13224,OldTown,SLvl,BrkFace,CarPort,Normal,453443
5,2217,1982,1220,3,3,0,471,18354,Sawyer,1.5Fin,VinylSd,Detchd,Family,377764
10,1270,2000,856,1,4,0,404,9684,NAmes,1Story,MetalSd,Detchd,Normal,384309
4,1055,1957,768,2,5,2,463,13260,BrkSide,1.5Fin,BrkFace,CarPort,Normal,259306
9,1443,1903,668,1,1,3,792,12567,NAmes,SLvl,BrkFace,None,Normal,348381
6,1525,2010,1153,2,5,0,258,7577,CollgCr,1.5Fin,Plywood,Detchd,Abnorml,328033
3,1992,1903,678,2,2,3,420,23237,Sawyer,1.5Fin,HdBoard,Detchd,Partial,349559
9,738,1919,1896,3,3,0,577,6944,BrkSide,SLvl,Plywood,Attchd,Normal,360618
8,2188,1909,836,2,2,3,378,9376,NridgHt,2Story,MetalSd,Attchd,Normal,431878
3,1429,1923,30,1,3,2,734,17315,OldTown,SFoyer,Wd Sdng,None,Normal,295339
3,1308,2017,988,1,5,1,572,17124,NridgHt,1Story,Plywood,Detchd,Normal,217301
3,1045,1998,971,1,4,2,321,9058,Gilbert,SFoyer,Wd Sdng,Detchd,Normal,213029
5,755,1925,1445,2,4,0,487,14054,CollgCr,1Story,BrkFace,BuiltIn,Normal,308395
8,1870,1936,1115,1,3,2,323,8137,OldTown,SFoyer,MetalSd,None,Normal,414884
3,1533,2001,666,2,4,1,307,7223,Crawfor,1.5Fin,HdBoard,None,Normal,258045
6,920,1984,885,1,5,2,425,5215,Crawfor,2Story,Wd Sdng,BuiltIn,Normal,260003
7,917,1953,1131,1,4,0,677,12466,Somerst,1.5Fin,MetalSd,BuiltIn,Partial,316279
3,1349,2003,134,2,5,0,584,13071,Crawfor,2Story,Wd Sdng,Attchd,Normal,241671
5,2251,2002,1535,1,2,2,446,6970,Edwards,SLvl,Plywood,None,Normal,368743
9,1383,1920,668,3,5,1,591,10154,CollgCr,1Story,MetalSd,None,Family,362195
8,824,1973,1567,2,1,2,498,29671,Edwards,1Story,Plywood,BuiltIn,Normal,348152
10,1389,1937,1157,2,1,1,239,15078,Sawyer,SLvl,VinylSd,CarPort,Normal,419879
5,1377,1945,1252,2,1,3,424,5999,Somerst,SFoyer,MetalSd,CarPort,Normal,290171
3,500,1903,1460,3,3,1,437,14125,Somerst,SLvl,Wd Sdng,Attchd,Normal,236168
8,1476,1959,1229,2,3,3,587,6011,Crawfor,SLvl,VinylSd,CarPort,Normal,437519
7,1396,1956,1269,1,3,2,348,,OldTown,2Story,Plywood,CarPort,Normal,353404
3,1813,1944,934,1,5,1,286,8918,Sawyer,SLvl,Plywood,CarPort,Partial,275090
5,2332,1919,1149,1,3,3,442,18186,Gilbert,1Story,Wd Sdng,Detchd,Normal,386090
4,2007,1916,765,2,2,3,334,16879,CollgCr,1.5Fin,VinylSd,Attchd,Normal,303059
6,1379,2018,863,1,1,3,392,10665,CollgCr,2Story,BrkFace,BuiltIn,Normal,340610
10,1002,1970,1786,2,5,0,435,7053,BrkSide,2Story,HdBoard,CarPort,Normal,390701
9,2658,1903,677,1,1,2,381,11202,NridgHt,SFoyer,Wd Sdng,Detchd,Normal,527245
5,1527,1992,1062,3,3,3,623,7973,Crawfor,1.5Fin,Plywood,CarPort,Normal,378827
8,1506,1913,1045,3,5,1,705,7143,BrkSide,2Story,MetalSd,Detchd,Normal,398488
10,1489,1902,876,3,4,3,605,14514,Gilbert,SLvl,VinylSd,Attchd,Normal,436782
10,1589,1987,1206,3,2,0,131,7103,Somerst,2Story,BrkFace,CarPort,Normal,389029
10,1435,2000,1236,2,3,2,334,14947,NAmes,2Story,HdBoard,Detchd,Normal,443433
3,1242,1979,630,1,3,0,418,6895,Gilbert,2Story,MetalSd,None,Abnorml,259917
6,1254,1957,1041,3,2,0,118,,Gilbert,SFoyer,VinylSd,None,Normal,257696
3,1485,1954,567,2,2,0,292,4301,OldTown,2Story,BrkFace,Detchd,Normal,257999
8,1255,2015,1315,3,4,1,416,5851,OldTown,2Story,Wd Sdng,CarPort,Normal,463191
3,1179,1903,1071,3,3,2,369,8392,OldTown,SFoyer,BrkFace,,Normal,278824
4,1548,2019,,2,3,2,452,3685,OldTown,1.5Fin,Wd Sdng,,Normal,368496
6,1385,1923,1264,2,1,1,201,2830,NridgHt,1Story,VinylSd,Attchd,Normal,330507
6,2177,1933,890,1,5,2,367,3700,Crawfor,SFoyer,BrkFace,BuiltIn,Normal,417553
8,500,1929,1366,1,5,0,477,7891,CollgCr,SFoyer,HdBoard,Attchd,Normal,268435
9,1991,1981,621,3,1,2,452,7982,Crawfor,2Story,BrkFace,CarPort,Family,466165
4,2061,1918,1565,3,5,1,530,10455,Crawfor,2Story,VinylSd,BuiltIn,Normal,361754
5,567,1930,780,1,2,0,520,8236,CollgCr,1Story,MetalSd,Attchd,Partial,222472
3,1346,1959,322,1,5,1,377,10299,OldTown,2Story,MetalSd,Detchd,Normal,276030
7,1333,1959,869,2,5,3,472,7349,Crawfor,SLvl,BrkFace,None,Normal,341283
3,867,1918,823,1,1,0,306,12415,NridgHt,2Story,BrkFace,Attchd,Normal,182783
10,1150,1948,866,1,4,0,401,11760,OldTown,2Story,Wd Sdng,Attchd,Partial,376901
3,1000,1962,1093,3,5,2,260,7770,NridgHt,SLvl,VinylSd,Detchd,Partial,207719
5,2289,2009,1439,1,5,0,642,11440,BrkSide,1Story,Wd Sdng,CarPort,Normal,392233
3,1921,1982,923,3,4,1,401,8260,Crawfor,SLvl,HdBoard,Detchd,Normal,239717
4,2072,1921,723,1,1,2,642,4537,Edwards,SFoyer,MetalSd,Attchd,Normal,359598
4,1825,1923,549,2,4,3,506,13521,NridgHt,SLvl,Plywood,CarPort,Normal,312472
6,992,2008,813,1,1,1,291,5984,BrkSide,1.5Fin,Plywood,BuiltIn,Normal,280624
8,1264,1975,245,1,2,3,495,13456,Sawyer,SFoyer,,Attchd,Partial,329922
9,1720,1929,710,1,1,3,596,10413,Sawyer,2Story,VinylSd,Detchd,Normal,411890
7,950,1957,1498,3,2,3,436,8664,BrkSide,SFoyer,Plywood,BuiltIn,Normal,377019
10,1821,2001,671,2,2,0,463,3867,Somerst,1Story,VinylSd,None,Normal,449481
3,1392,2016,1251,1,1,1,351,17995,Somerst,1Story,MetalSd,BuiltIn,Normal,255491
3,1331,1930,509,3,3,1,454,7643,OldTown,SLvl,HdBoard,Detchd,Normal,198529
5,1820,1999,1708,2,1,0,493,11974,Somerst,SFoyer,HdBoard,BuiltIn,Normal,379021
8,1700,1963,1735,3,5,2,346,8550,Sawyer,2Story,Wd Sdng,Detchd,Partial,403693
4,1338,1918,1236,3,5,3,,7965,Somerst,1Story,MetalSd,Attchd,Normal,299207
7,2022,1947,1797,2,3,1,682,9816,Edwards,2Story,VinylSd,,Normal,421626
6,1014,1944,1142,1,2,0,559,9108,Sawyer,1.5Fin,VinylSd,None,Normal,294942
4,1777,1999,1307,3,3,3,351,7981,NridgHt,1Story,,,Normal,382809
10,1767,1993,1505,3,5,2,490,8779,Gilbert,SLvl,Wd Sdng,CarPort,Normal,433246
8,1361,1954,1072,1,3,2,184,10907,Somerst,1.5Fin,VinylSd,CarPort,Normal,311204
10,1647,2012,379,1,1,3,94,11260,Somerst,SFoyer,VinylSd,Detchd,Normal,425929
9,937,1954,1316,2,3,2,645,9177,Crawfor,2Story,MetalSd,Detchd,Partial,439888
6,1916,1996,811,2,2,1,491,11901,CollgCr,1Story,Wd Sdng,None,Normal,435861
9,1417,1917,841,2,1,1,441,7436,Edwards,1.5Fin,MetalSd,Detchd,Normal,439051
5,1265,1962,1119,1,4,1,492,24494,Sawyer,1.5Fin,BrkFace,Detchd,Family,289786
10,1972,2015,1227,3,5,2,1031,17562,Sawyer,1Story,VinylSd,Detchd,Normal,426221
5,1183,2012,1060,3,5,1,606,12684,NAmes,SFoyer,Plywood,Detchd,Abnorml,218819
3,866,1991,1254,2,3,0,262,3757,CollgCr,SFoyer,Plywood,Attchd,Normal,201099
9,800,1946,717,1,1,1,148,11822,Somerst,SLvl,BrkFace,None,Normal,324662
8,1773,1974,983,3,4,1,640,7735,BrkSide,SFoyer,VinylSd,Detchd,Partial,444402
10,924,1956,1340,2,1,2,604,5794,Crawfor,SLvl,Wd Sdng,None,Abnorml,429573
7,2290,2017,1709,3,5,1,554,7647,NridgHt,1.5Fin,Plywood,BuiltIn,Normal,459774
6,563,1944,1851,3,1,3,304,6090,Crawfor,1Story,Wd Sdng,Attchd,Normal,279865
4,2263,1932,1173,1,4,0,515,11305,Somerst,SFoyer,Plywood,Detchd,Normal,298153
8,1595,1916,1336,1,3,2,320,18623,NAmes,SLvl,Wd Sdng,Attchd,Partial,404279
8,1456,1969,1793,3,2,0,569,13052,Gilbert,1.5Fin,Plywood,Attchd,Normal,414602
5,1255,1903,732,2,1,3,627,31198,Sawyer,SFoyer,Wd Sdng,BuiltIn,Normal,305211
9,1680,1919,1252,1,2,2,352,4473,NridgHt,2Story,BrkFace,None,Normal,385359
10,1483,2011,1307,3,5,2,654,7167,CollgCr,1.5Fin,MetalSd,Attchd,Normal,476493
10,1996,1946,1579,1,3,1,471,5888,Somerst,SFoyer,Wd Sdng,CarPort,Normal,488372
3,1551,1990,545,1,3,0,539,15650,Edwards,1.5Fin,MetalSd,BuiltIn,Normal,211427
3,1568,1914,624,1,1,3,214,8150,BrkSide,1Story,MetalSd,CarPort,Abnorml,242489
6,1336,1969,1009,3,3,3,492,9801,Crawfor,1Story,VinylSd,BuiltIn,Normal,369862
5,1474,1946,1151,2,1,2,328,11970,NAmes,1Story,BrkFace,CarPort,Abnorml,313127
8,1639,1977,1449,2,1,1,535,4677,Gilbert,2Story,MetalSd,CarPort,Normal,461510
10,730,1974,1207,2,2,2,714,6805,OldTown,1Story,HdBoard,Attchd,Normal,402035
7,893,2002,939,1,3,2,502,14097,BrkSide,2Story,MetalSd,Attchd,Normal,311308
5,1834,1908,1167,3,1,2,288,7033,Somerst,1Story,,BuiltIn,Normal,339038
6,1577,1989,1120,1,2,2,563,4162,Gilbert,1.5Fin,MetalSd,None,Normal,362943
6,1417,1915,1698,2,4,3,522,5997,BrkSide,SFoyer,Wd Sdng,Attchd,Normal,336961
5,1508,1968,1066,2,2,3,821,7912,BrkSide,SFoyer,Wd Sdng,Attchd,Partial,306469
6,1656,2020,847,3,2,2,496,9701,Sawyer,1Story,HdBoard,Detchd,Partial,389394
5,1257,2015,1180,1,1,2,345,8718,BrkSide,SFoyer,MetalSd,Attchd,Normal,352910
4,1150,1960,1079,2,5,1,589,6827,Edwards,1Story,MetalSd,None,Partial,285147
5,1588,1909,372,3,5,2,427,13735,Gilbert,1Story,Plywood,Detchd,Normal,346406
9,1060,1949,994,1,5,3,464,8492,Somerst,SLvl,Plywood,CarPort,Normal,366578
5,1684,1902,960,1,2,0,283,9889,Somerst,SLvl,VinylSd,CarPort,Partial,353999
6,734,1976,782,2,1,3,428,6992,Edwards,SLvl,Wd Sdng,Detchd,Normal,262888
10,1963,2006,1414,2,3,1,456,17748,CollgCr,2Story,HdBoard,Detchd,Normal,444771
9,1713,2012,686,1,2,3,427,7546,Gilbert,SLvl,Plywood,Detchd,Normal,377886
6,1615,1993,1182,1,2,0,344,9308,BrkSide,1Story,MetalSd,BuiltIn,Normal,327142
3,1942,2017,941,2,1,2,502,14339,NAmes,1.5Fin,VinylSd,None,Normal,305205
3,2249,2008,1043,1,4,0,284,10209,NridgHt,SLvl,HdBoard,None,Normal,341588
10,1956,1969,1165,2,2,2,241,10095,Gilbert,SLvl,BrkFace,CarPort,Normal,482261
10,672,1980,477,1,4,2,578,3703,OldTown,1.5Fin,MetalSd,CarPort,Normal,314341
9,924,2008,1077,2,4,3,561,12225,NAmes,1Story,MetalSd,CarPort,Normal,379250
4,1219,1950,1916,3,5,3,215,9228,Edwards,2Story,BrkFace,Attchd,Normal,306984
10,1512,2016,377,2,1,3,121,11484,BrkSide,SLvl,Wd Sdng,CarPort,Normal,374436
3,1733,1918,977,2,4,1,268,9773,CollgCr,1.5Fin,Wd Sdng,Detchd,Normal,237337
5,1173,1941,1449,3,1,3,427,6998,OldTown,1Story,Plywood,CarPort,Normal,292962
6,1584,1934,1121,1,5,1,658,13459,CollgCr,SFoyer,Plywood,Detchd,Normal,385712
3,1160,1945,1275,3,1,3,423,9839,CollgCr,2Story,MetalSd,BuiltIn,Abnorml,276576
3,1225,1925,50,2,2,2,312,5038,Crawfor,1.5Fin,MetalSd,Attchd,Normal,238051
4,867,2014,1239,1,4,1,477,16217,Sawyer,1.5Fin,Plywood,Attchd,Normal,209438
9,1085,1968,695,3,1,0,429,4728,OldTown,1.5Fin,BrkFace,None,Normal,387498
9,892,1992,1124,1,3,1,201,13499,NridgHt,SLvl,Plywood,BuiltIn,Normal,409779
8,1061,1963,988,1,1,1,202,17573,Sawyer,SFoyer,MetalSd,Detchd,Partial,272963
4,1974,1936,1911,3,4,0,207,5471,OldTown,2Story,HdBoard,BuiltIn,Normal,312249
5,1073,1983,1219,1,5,1,896,8516,CollgCr,1Story,MetalSd,Attchd,Normal,308242
9,2685,1948,955,3,5,2,605,8167,Sawyer,1Story,HdBoard,Detchd,Normal,516354
6,1722,1920,396,2,4,3,343,8334,OldTown,SFoyer,HdBoard,BuiltIn,Normal,317263
10,1583,1973,,1,2,0,649,20508,NridgHt,1.5Fin,MetalSd,Attchd,Normal,407963
4,1114,1963,1329,2,2,3,348,5499,NAmes,1.5Fin,VinylSd,Detchd,Normal,273907
10,1815,1904,968,2,5,2,644,7840,Gilbert,1.5Fin,Plywood,Detchd,Normal,443870
3,1241,1999,798,1,5,0,464,17703,BrkSide,1.5Fin,Wd Sdng,Attchd,Normal,278656
6,1555,1969,771,3,4,3,331,7783,OldTown,1.5Fin,MetalSd,Detchd,Partial,326874
6,2652,1989,1214,1,2,3,572,,NridgHt,SFoyer,HdBoard,Attchd,Normal,491669
3,1457,1903,1304,2,5,2,475,10131,Gilbert,SLvl,MetalSd,CarPort,Normal,243306
4,2017,2002,1544,2,2,3,522,12933,Sawyer,2Story,Plywood,CarPort,Partial,350148
3,1184,1938,602,3,5,2,489,7542,OldTown,1.5Fin,BrkFace,Detchd,Normal,263021
10,1484,2013,1210,1,1,1,487,11550,OldTown,SLvl,HdBoard,Detchd,Normal,471168
8,2297,1934,951,2,3,2,594,4844,Edwards,1Story,Wd Sdng,Attchd,Normal,468859
6,1218,1900,963,2,1,1,915,4967,OldTown,SFoyer,Wd Sdng,Detchd,Normal,248002
7,2316,1923,1161,2,5,0,675,7383,BrkSide,SLvl,Wd Sdng,None,Normal,382777
7,1818,1956,1163,3,3,3,490,11737,Edwards,1.5Fin,BrkFace,CarPort,Normal,434860
10,1247,1999,1212,2,3,2,394,12678,Gilbert,1.5Fin,VinylSd,Detchd,Partial,431149
5,1785,1969,577,2,5,2,414,5287,Sawyer,1.5Fin,HdBoard,Detchd,Abnorml,292741
9,1938,1940,700,1,5,3,224,12469,Sawyer,SLvl,BrkFace,BuiltIn,Normal,454891
3,1780,1953,1594,1,2,3,570,9700,Somerst,1.5Fin,HdBoard,Detchd,Normal,304522
3,793,1945,912,2,5,0,267,6059,Somerst,SLvl,BrkFace,None,Normal,256453
5,1173,1959,1122,2,4,0,383,,Gilbert,1.5Fin,BrkFace,CarPort,Normal,331064
5,1389,2007,1422,1,5,2,571,9981,Crawfor,1Story,VinylSd,BuiltIn,Normal,360838
10,1467,1959,1185,3,4,0,407,16079,NridgHt,1Story,HdBoard,Attchd,Normal,458885
10,1779,1956,1219,3,5,1,361,9145,Crawfor,2Story,BrkFace,Attchd,Normal,449358
5,1580,1930,1358,3,2,0,234,5909,NridgHt,1.5Fin,VinylSd,CarPort,Abnorml,335320
6,899,1983,153,3,4,0,667,3883,Edwards,1.5Fin,MetalSd,Attchd,Normal,302250
10,1671,1923,804,3,1,2,300,17912,Gilbert,SLvl,Plywood,None,Normal,436807
8,1775,1988,1187,3,4,1,345,14383,NridgHt,SLvl,,Detchd,Family,400738
10,1752,1935,1555,3,2,0,127,10310,Somerst,1.5Fin,Wd Sdng,CarPort,Normal,379913
3,1986,1984,1026,3,4,1,446,17502,Somerst,2Story,VinylSd,BuiltIn,Normal,305950
10,1875,1929,662,1,5,1,390,9954,CollgCr,1.5Fin,VinylSd,Detchd,Normal,456865
6,1707,1923,673,3,5,1,483,7087,NridgHt,SLvl,BrkFace,Attchd,Normal,359427
5,1468,2007,1354,3,2,3,239,11554,Gilbert,1.5Fin,VinylSd,Attchd,Abnorml,372893
3,753,2005,913,3,3,3,582,6196,NAmes,SLvl,MetalSd,BuiltIn,Normal,222735
10,1693,1929,997,2,5,3,119,5750,Edwards,1.5Fin,VinylSd,,Normal,380931
6,1593,1985,1246,1,1,3,433,12736,OldTown,SFoyer,Plywood,BuiltIn,Normal,360002
8,1622,1991,0,1,2,2,471,13228,OldTown,SLvl,Plywood,CarPort,Normal,358748
10,925,1906,1800,1,4,0,460,5074,NridgHt,2Story,Wd Sdng,BuiltIn,Normal,367922
6,1014,1934,708,3,4,3,478,5159,Crawfor,SFoyer,MetalSd,Attchd,Normal,323979
8,1974,1954,1097,3,1,2,592,7367,Edwards,1.5Fin,Plywood,None,Normal,494444
5,1482,1991,318,2,5,0,688,6535,Sawyer,SLvl,BrkFace,None,Normal,284354
10,1807,1913,831,1,2,3,422,11152,BrkSide,SFoyer,HdBoard,BuiltIn,Normal,441274
8,1513,2019,1498,3,1,0,276,9197,OldTown,2Story,HdBoard,CarPort,Normal,387582
3,1513,1909,234,1,5,3,551,15202,Somerst,SLvl,HdBoard,Attchd,Normal,255268
5,1922,1979,1450,2,2,2,400,10381,Edwards,SFoyer,BrkFace,Detchd,Abnorml,344660
3,1268,1915,891,2,4,1,678,6734,Crawfor,SFoyer,VinylSd,None,Abnorml,237242
7,1543,1953,1195,2,2,1,342,3843,Gilbert,SFoyer,BrkFace,BuiltIn,Normal,377578
4,1292,1994,1263,1,3,0,296,9757,Crawfor,1Story,VinylSd,CarPort,Partial,284944
10,1304,2005,1177,3,2,2,476,4169,Edwards,1.5Fin,HdBoard,CarPort,Normal,450259
8,1361,1988,654,3,3,1,137,6697,Sawyer,SLvl,Wd Sdng,Attchd,Normal,375146
4,1600,1976,854,2,2,3,366,6504,OldTown,SLvl,Wd Sdng,None,Normal,255874
4,1285,1969,415,3,3,1,391,7159,Somerst,SLvl,VinylSd,Attchd,Normal,275440
8,2065,1943,1197,2,4,0,490,4978,NAmes,SFoyer,HdBoard,Detchd,Normal,385034
5,1097,1972,1681,1,5,0,271,6494,Gilbert,1.5Fin,BrkFace,Detchd,Normal,255756
10,1416,1944,270,2,3,2,292,15073,Somerst,2Story,Wd Sdng,Detchd,Family,356994
7,1302,1999,695,1,3,0,658,15054,Sawyer,SLvl,VinylSd,CarPort,Partial,340899
3,2151,1955,927,2,4,1,448,17937,BrkSide,1.5Fin,BrkFace,None,Normal,302730
6,1588,2006,1069,3,3,1,606,9041,Sawyer,1.5Fin,HdBoard,Attchd,Normal,293146
3,1964,1983,1352,3,1,1,352,10168,Sawyer,1Story,MetalSd,Attchd,Normal,335101
6,831,1981,939,2,4,1,440,15173,OldTown,SLvl,HdBoard,Detchd,Normal,234054
3,1620,2006,874,3,1,2,489,4643,Edwards,SFoyer,HdBoard,None,Normal,298484
8,1900,1956,1441,3,4,3,765,12933,Edwards,1.5Fin,BrkFace,,Normal,452282
7,1537,1920,1265,3,3,3,411,16172,Somerst,1.5Fin,BrkFace,BuiltIn,Normal,410545
10,1979,1967,1216,1,1,2,420,,BrkSide,2Story,Plywood,None,Normal,539094
6,1267,1949,1045,3,3,0,648,16767,BrkSide,1Story,Plywood,None,Normal,253086
10,2134,1932,1393,1,4,3,382,22719,Crawfor,1.5Fin,BrkFace,Attchd,Normal,495968
10,2535,1990,737,2,3,0,501,12772,NAmes,1.5Fin,,None,Normal,473748
10,1337,1906,683,3,1,3,632,11761,Sawyer,SFoyer,MetalSd,,Normal,421861
9,1300,1969,1298,3,1,0,346,5438,NAmes,SFoyer,MetalSd,Attchd,Partial,390728
5,2154,1914,350,3,3,2,511,14561,CollgCr,2Story,HdBoard,None,Normal,323961
3,2211,1981,1037,2,2,1,764,5673,NridgHt,2Story,Wd Sdng,Attchd,Abnorml,309938
10,1265,1931,873,1,4,0,616,10629,Sawyer,2Story,MetalSd,BuiltIn,Family,339104
3,1311,2019,438,1,4,1,501,11125,NAmes,SFoyer,HdBoard,CarPort,Normal,280980
10,1373,1974,627,3,3,0,410,2042,OldTown,SFoyer,VinylSd,Attchd,Normal,404492
6,895,1919,956,2,2,0,341,10803,NridgHt,1Story,Plywood,Attchd,Partial,294457
5,1087,1987,1414,2,1,0,272,29280,BrkSide,SLvl,Wd Sdng,None,Family,276901
5,1048,1914,739,2,5,0,722,3511,Sawyer,SLvl,HdBoard,Attchd,Normal,219976
8,1154,1947,1485,2,5,0,687,8784,Sawyer,1Story,BrkFace,Detchd,Normal,313534
9,1484,1970,1025,2,3,1,332,3747,BrkSide,SLvl,VinylSd,Detchd,Normal,412237
8,1605,1920,1524,1,2,0,511,6019,Crawfor,SFoyer,Plywood,BuiltIn,Normal,343322
8,2198,1941,758,1,2,1,470,3777,OldTown,SLvl,VinylSd,Attchd,Normal,479333
8,1051,1925,980,1,4,2,663,9670,Sawyer,SFoyer,HdBoard,None,Partial,298608
8,1943,2007,1147,3,1,3,519,12863,NAmes,1Story,MetalSd,None,Normal,459198
8,1404,2019,928,2,2,0,446,10822,Sawyer,2Story,Plywood,CarPort,Normal,423370
7,1478,1913,1381,3,5,3,352,5922,NridgHt,1Story,VinylSd,BuiltIn,Normal,398403
5,1804,1956,117,2,1,1,511,6841,Sawyer,SLvl,MetalSd,None,Normal,306544
8,995,1936,1969,1,1,2,387,10173,NAmes,SFoyer,Wd Sdng,CarPort,Normal,343643
10,1672,1957,1343,3,3,2,490,6006,Gilbert,SLvl,HdBoard,None,Abnorml,407293
5,1575,1920,931,1,2,2,436,4949,NridgHt,SLvl,HdBoard,CarPort,Normal,341662
5,1722,1981,779,2,3,3,383,8082,Somerst,2Story,Plywood,Detchd,Normal,400380
4,1630,1968,653,2,2,1,275,5883,Somerst,SLvl,VinylSd,Detchd,Normal,271745
7,2605,1902,1258,2,4,0,543,10831,NridgHt,2Story,Wd Sdng,None,Normal,379038
8,1213,1986,1398,1,3,0,458,16145,OldTown,SFoyer,BrkFace,BuiltIn,Normal,276369
3,1261,1989,935,2,3,1,772,28966,Gilbert,SFoyer,Plywood,Attchd,Normal,218223
6,1220,1936,1443,1,5,3,264,10479,NridgHt,2Story,BrkFace,BuiltIn,Normal,340027
9,1250,1987,637,3,3,0,,12036,NAmes,1Story,,BuiltIn,Normal,416764
10,1213,1948,566,2,2,1,435,6873,CollgCr,SFoyer,VinylSd,Attchd,Normal,403345
3,2035,1918,1725,2,5,0,828,7067,Edwards,1Story,Wd Sdng,Detchd,Normal,319178
7,2139,2014,1236,2,3,2,549,16039,Sawyer,SFoyer,VinylSd,Detchd,Abnorml,421181
6,1243,1988,1559,3,3,0,508,7948,Crawfor,SFoyer,HdBoard,Attchd,Normal,306379
7,1125,1984,658,2,4,3,436,9300,Gilbert,1.5Fin,BrkFace,CarPort,Normal,392603
10,1712,1911,631,1,3,1,323,15605,NAmes,SLvl,MetalSd,BuiltIn,Normal,417261
5,1251,2020,857,1,1,3,506,7975,Crawfor,SLvl,HdBoard,None,Normal,251229
6,1785,1960,670,2,5,1,201,17680,Somerst,1Story,HdBoard,Detchd,Normal,317751
5,1591,1940,1282,2,1,2,209,11647,NridgHt,SLvl,BrkFace,None,Normal,303157
10,818,1932,700,3,5,1,632,11047,Gilbert,1Story,Plywood,Attchd,Normal,331731
3,2196,1949,531,3,4,0,133,6723,BrkSide,SFoyer,HdBoard,None,Normal,306237
10,2308,2016,1057,3,3,0,392,11317,Sawyer,1.5Fin,Wd Sdng,None,Abnorml,480334
3,1224,1967,484,2,3,2,261,7420,Edwards,1.5Fin,HdBoard,BuiltIn,Normal,237800
6,1326,2005,280,3,3,1,378,11117,Somerst,SFoyer,Wd Sdng,Attchd,Normal,350472
6,1629,2020,1053,3,5,2,483,8597,NridgHt,2Story,VinylSd,None,Normal,345654
8,1651,1970,300,1,3,0,627,13906,Sawyer,2Story,Plywood,Detchd,Abnorml,418072
7,1796,1985,1310,3,1,3,669,8872,Somerst,SLvl,Wd Sdng,Attchd,Abnorml,393304
8,2405,2018,442,1,3,2,285,22517,BrkSide,1Story,HdBoard,Detchd,Normal,453467
7,1420,1932,104,1,4,3,366,7950,Crawfor,1.5Fin,Plywood,CarPort,Normal,323298
8,1141,1980,882,3,1,3,1179,7076,Edwards,SLvl,Plywood,None,Normal,377765
5,879,1923,1058,1,3,1,405,10517,Edwards,SFoyer,Wd Sdng,Attchd,Normal,271266
6,1171,1960,1197,2,3,2,291,14618,Sawyer,1.5Fin,Wd Sdng,Detchd,Normal,340904
3,1485,1960,1069,2,2,3,321,14567,NAmes,1Story,MetalSd,None,Normal,264431
7,2308,1997,576,3,5,3,406,9701,Sawyer,1Story,MetalSd,,Normal,393208
10,1267,1927,1285,2,1,1,379,10484,Somerst,2Story,Plywood,Detchd,Abnorml,491361
7,1601,1957,1384,1,2,1,408,10490,NAmes,SLvl,BrkFace,Detchd,Family,356826
3,1493,1942,518,2,4,0,446,5541,Edwards,SFoyer,BrkFace,CarPort,Normal,256077
8,2035,1940,928,3,5,3,445,14269,CollgCr,1.5Fin,MetalSd,BuiltIn,Normal,375838
7,2637,1938,890,3,1,0,278,5110,Edwards,1Story,HdBoard,CarPort,Partial,407639
9,1261,1985,1088,1,3,3,516,5546,Sawyer,1.5Fin,VinylSd,BuiltIn,Normal,408453
5,1280,1948,918,3,1,0,472,9226,Somerst,SFoyer,Plywood,Detchd,Normal,291679
6,1970,1916,973,2,3,1,539,7793,NAmes,1.5Fin,VinylSd,CarPort,Normal,259519
3,1807,1997,1257,3,5,2,141,12878,NridgHt,SLvl,MetalSd,None,Normal,324585
6,2331,1969,554,1,3,1,478,11007,NAmes,2Story,Wd Sdng,BuiltIn,Normal,340224
9,1763,2009,1295,3,4,0,93,9577,BrkSide,1.5Fin,Plywood,Detchd,Normal,439152
7,1338,1969,,2,3,0,418,5423,OldTown,2Story,MetalSd,Attchd,Normal,311288
7,1766,1997,1654,1,4,2,568,9108,OldTown,SFoyer,HdBoard,BuiltIn,Normal,387648
10,1999,1964,143,2,5,3,638,8790,Gilbert,2Story,Plywood,BuiltIn,Normal,442353
9,1869,1973,927,1,5,0,510,9946,Crawfor,1.5Fin,Plywood,None,Normal,377038
3,1728,1984,214,3,1,0,572,7417,Gilbert,1.5Fin,BrkFace,BuiltIn,Partial,232446
10,1980,1904,26,1,4,0,396,11387,Gilbert,1Story,Wd Sdng,BuiltIn,Normal,353642
5,2026,1901,1058,1,4,2,358,7700,NAmes,1.5Fin,Plywood,None,Normal,284069
10,2122,1921,840,3,2,1,935,10917,Somerst,2Story,Wd Sdng,None,Normal,486428
4,1792,2011,1120,2,2,0,599,12877,Gilbert,1Story,MetalSd,CarPort,Normal,268988
3,1425,1956,1194,3,2,2,239,7076,Sawyer,1.5Fin,HdBoard,Detchd,Normal,271411
4,1566,1965,1499,1,3,0,138,6358,NAmes,1.5Fin,HdBoard,Detchd,Normal,325516
9,2043,1973,1022,3,2,3,366,11152,Somerst,SFoyer,Plywood,CarPort,Normal,444722
8,1132,1997,2169,1,4,2,665,4967,OldTown,1Story,Plywood,Detchd,Normal,381184
4,1666,1915,1123,3,3,0,459,14842,CollgCr,SFoyer,MetalSd,BuiltIn,Normal,288923
5,1323,2011,1737,3,5,2,50,9045,Sawyer,SFoyer,BrkFace,CarPort,Normal,385898
10,1513,1950,67,2,1,0,418,8547,NridgHt,SFoyer,BrkFace,CarPort,Normal,332394
8,2075,1938,1540,1,2,1,450,11507,Crawfor,SLvl,BrkFace,Detchd,Normal,426770
10,1586,1985,928,2,5,0,15,11190,NridgHt,SFoyer,Wd Sdng,Attchd,Normal,357043
4,1521,1975,221,1,4,2,454,9026,Somerst,2Story,BrkFace,Detchd,Normal,263798
10,888,1987,1168,3,1,3,268,13365,BrkSide,1.5Fin,HdBoard,Attchd,Normal,411427
9,1836,2010,879,1,5,3,120,6650,Somerst,SLvl,Wd Sdng,CarPort,Normal,425053
8,1790,1939,1232,2,1,3,739,12401,CollgCr,SFoyer,MetalSd,Attchd,Normal,408125
9,2473,1937,1404,2,2,0,260,5539,OldTown,1.5Fin,HdBoard,BuiltIn,Normal,417577
4,1361,1959,404,2,4,1,330,11325,Edwards,1Story,HdBoard,None,Normal,258663
9,1599,1958,1406,1,1,0,327,7765,Somerst,1Story,VinylSd,Attchd,Normal,443584
5,1612,1909,1003,2,5,3,450,4989,OldTown,1.5Fin,MetalSd,None,Normal,290855
4,2210,1998,1541,2,2,2,768,10102,NridgHt,2Story,MetalSd,BuiltIn,Family,359391
4,1457,1963,918,2,2,3,235,8862,Somerst,1.5Fin,VinylSd,None,Normal,323744
4,1626,2014,812,3,5,2,395,4495,Somerst,1.5Fin,Wd Sdng,BuiltIn,Normal,358293
3,1774,1962,1011,3,5,1,472,3477,Gilbert,SLvl,BrkFace,None,Normal,234673
10,1584,1948,1041,1,1,2,294,8404,NridgHt,1Story,BrkFace,None,Normal,430328
3,1299,1963,735,1,3,0,392,18642,Crawfor,1Story,BrkFace,Detchd,Normal,239810
3,1587,1931,801,2,2,0,557,10399,Crawfor,SFoyer,BrkFace,Attchd,Normal,242238
5,1983,1906,509,3,1,0,314,6662,Sawyer,1.5Fin,BrkFace,None,Normal,216352
8,1038,1920,826,2,5,2,389,14645,BrkSide,1.5Fin,VinylSd,CarPort,Partial,354298
10,1560,1919,1271,2,1,0,372,13538,Edwards,2Story,MetalSd,Detchd,Normal,464412
9,1185,1925,945,3,5,0,431,15950,Somerst,1Story,Wd Sdng,Attchd,Normal,355283
7,2038,1967,1404,3,4,0,494,12243,Somerst,2Story,HdBoard,Detchd,Normal,361651
4,815,2009,926,3,5,1,556,13408,Sawyer,SLvl,BrkFace,Attchd,Normal,227826
9,1248,2015,427,1,5,2,799,12506,BrkSide,SFoyer,VinylSd,BuiltIn,Normal,446242
4,1670,1985,,1,5,2,0,7260,NridgHt,2Story,Wd Sdng,None,Partial,358714
5,2204,1914,731,2,3,3,420,4308,Somerst,1Story,Wd Sdng,CarPort,Abnorml,387786
4,1470,2019,907,1,5,2,204,7119,OldTown,SLvl,Wd Sdng,Detchd,Normal,321219
3,1250,2003,1495,3,2,1,,14797,NAmes,1.5Fin,VinylSd,Detchd,Normal,251685
10,2347,1984,536,3,2,2,609,7582,BrkSide,SLvl,HdBoard,Detchd,Normal,477765
7,848,1978,1066,1,1,1,666,8430,Somerst,2Story,BrkFace,Detchd,Normal,308683
6,511,1985,984,2,3,1,674,5326,BrkSide,1Story,Wd Sdng,None,Normal,282250
4,1698,2015,1280,2,1,2,672,7023,Crawfor,2Story,VinylSd,Attchd,Normal,390712
9,1274,1991,1342,1,2,3,419,8963,Edwards,1.5Fin,MetalSd,None,Normal,463412
3,1040,1913,1106,2,2,0,702,11233,Somerst,1.5Fin,VinylSd,BuiltIn,Normal,161282
6,1819,1926,856,2,4,0,737,7322,Edwards,1Story,VinylSd,None,Normal,337725
7,1610,2004,1189,2,5,2,475,7095,CollgCr,SFoyer,VinylSd,None,Normal,417152
6,1246,1939,1534,3,2,2,662,13147,NAmes,SLvl,Wd Sdng,BuiltIn,Normal,359550
3,924,1957,989,3,1,1,457,10419,Sawyer,SLvl,VinylSd,None,Normal,199142
10,1893,1927,893,1,1,2,704,11014,Edwards,1.5Fin,MetalSd,Attchd,Normal,550974
10,1793,1925,1155,3,5,1,421,17903,Somerst,2Story,Wd Sdng,CarPort,Normal,393452
8,1455,2012,1015,2,5,3,340,7170,Gilbert,2Story,MetalSd,BuiltIn,Normal,371738
10,2331,1962,465,3,4,2,248,8804,Sawyer,SFoyer,Plywood,Detchd,Family,483776
8,1018,1965,1096,1,3,0,419,11533,Sawyer,2Story,VinylSd,Attchd,Normal,406048
6,814,1924,461,3,1,0,465,6080,NridgHt,SLvl,BrkFace,CarPort,Normal,210918
5,1189,2019,1150,2,5,2,280,9977,Edwards,2Story,BrkFace,Attchd,Normal,308871
9,1479,1902,681,2,1,1,405,9090,Gilbert,SFoyer,Wd Sdng,Attchd,Partial,407965
9,1610,1971,1015,1,5,0,355,31406,Edwards,SLvl,BrkFace,Detchd,Normal,396400
6,1391,1943,1156,3,2,1,256,9414,NridgHt,2Story,Wd Sdng,CarPort,Normal,312824
4,1658,1996,1982,3,1,2,636,15148,NAmes,SLvl,VinylSd,Attchd,Normal,374517
4,937,1941,1297,3,2,2,668,13075,Somerst,1.5Fin,HdBoard,Detchd,Normal,272458
10,2150,2015,1546,2,1,0,636,5348,Crawfor,1.5Fin,HdBoard,BuiltIn,Normal,525175
9,1463,1998,1749,1,3,2,435,4483,Crawfor,1.5Fin,MetalSd,Detchd,Normal,487641
9,2003,1905,1196,3,4,3,446,10058,Edwards,2Story,VinylSd,None,Partial,463080
8,1654,1938,1114,2,2,3,259,15848,NridgHt,SFoyer,BrkFace,Detchd,Partial,419751
5,1706,1951,573,2,5,0,525,10245,BrkSide,SLvl,VinylSd,Detchd,Normal,303249
3,1756,1922,953,2,3,3,481,9325,Somerst,1Story,Plywood,Detchd,Normal,314675
4,1701,1988,711,3,1,1,962,7920,Edwards,1.5Fin,HdBoard,Attchd,Normal,301391
9,1789,1949,840,3,2,0,646,4960,BrkSide,1.5Fin,BrkFace,CarPort,Normal,398804
8,2098,1942,1748,3,1,0,507,5842,Somerst,1Story,HdBoard,Detchd,Normal,471912
7,1588,1918,1046,3,1,1,443,4337,BrkSide,1Story,VinylSd,Detchd,Family,404274
8,1819,1968,650,3,1,3,630,5479,Sawyer,2Story,BrkFace,None,Normal,360411
4,1460,1950,,3,4,3,285,,Edwards,SLvl,MetalSd,None,Normal,325601
4,2148,1910,1382,3,4,3,655,12761,NridgHt,1.5Fin,VinylSd,BuiltIn,Partial,336866
8,1196,2019,1403,3,5,0,254,7367,Somerst,SFoyer,MetalSd,BuiltIn,Normal,358671
3,2310,1911,198,3,2,0,349,10097,Crawfor,2Story,BrkFace,None,Normal,288018
6,1482,1973,1779,2,3,3,119,9565,Edwards,2Story,HdBoard,CarPort,Normal,408095
4,856,1907,777,3,3,2,561,11266,Somerst,SFoyer,Plywood,BuiltIn,Normal,226221
8,1558,1923,1311,1,3,3,495,5649,Somerst,SFoyer,Wd Sdng,CarPort,Normal,338518
9,1194,1991,2010,2,1,1,349,14496,BrkSide,SFoyer,HdBoard,None,Normal,383873
8,1878,1940,1862,3,4,0,283,4778,BrkSide,1Story,MetalSd,BuiltIn,Normal,448397
5,1206,1935,609,1,2,1,698,7357,Gilbert,1.5Fin,VinylSd,Detchd,Family,171600
6,1299,2000,422,3,1,1,426,8916,Edwards,1Story,BrkFace,None,Family,347755
7,650,1984,1572,1,4,0,312,12671,CollgCr,1.5Fin,HdBoard,BuiltIn,Normal,322013
3,1296,1971,,1,4,2,796,16742,OldTown,1Story,Plywood,CarPort,Normal,313011
10,500,1954,800,1,2,3,332,12716,CollgCr,SLvl,BrkFace,CarPort,Normal,353050
7,787,1908,1248,1,2,1,655,17020,Somerst,1.5Fin,MetalSd,BuiltIn,Normal,223556
6,1842,1946,935,2,2,0,243,6197,Gilbert,2Story,BrkFace,CarPort,Normal,354438
6,1854,1914,1281,2,1,1,386,15377,Somerst,1.5Fin,BrkFace,BuiltIn,Family,400998
6,1691,1947,1027,1,5,3,540,14234,CollgCr,1.5Fin,VinylSd,BuiltIn,Abnorml,399885
7,1065,2009,1289,3,2,2,440,3061,Somerst,1.5Fin,Wd Sdng,CarPort,Normal,332046
9,1479,2003,642,1,5,2,494,8150,BrkSide,SLvl,MetalSd,Attchd,Normal,409182
6,1498,1981,1570,2,1,2,353,11800,Edwards,1Story,,Detchd,Normal,349901
8,979,1941,1279,3,5,0,162,7137,Crawfor,2Story,Wd Sdng,None,Normal,300766
7,2177,1959,1259,2,3,0,714,5521,CollgCr,1Story,VinylSd,Detchd,Normal,434529
10,1895,1983,553,2,5,2,364,23303,OldTown,1Story,Wd Sdng,None,Normal,409316
6,1401,1969,1680,3,2,3,502,9461,OldTown,SFoyer,Wd Sdng,None,Normal,342841
8,1512,1911,995,1,1,3,576,9578,BrkSide,SLvl,Wd Sdng,Detchd,Normal,349334
9,1594,1901,1291,1,2,0,506,,Edwards,SFoyer,VinylSd,BuiltIn,Abnorml,335826
5,581,1906,871,1,3,2,322,6832,NAmes,SLvl,BrkFace,CarPort,Normal,239685
9,1389,1979,1104,1,2,3,659,6009,NAmes,1Story,Wd Sdng,Attchd,Normal,462218
10,1193,1902,1119,3,2,3,542,14625,NridgHt,1Story,BrkFace,Attchd,Normal,403669
6,1049,2008,0,3,2,3,486,11294,NridgHt,SLvl,MetalSd,Attchd,Normal,245974
10,1374,1902,1233,3,4,0,482,6962,CollgCr,1Story,Plywood,Detchd,Normal,421103
7,2309,1926,1786,2,3,2,753,11582,BrkSide,1Story,BrkFace,Detchd,Normal,504185
4,1788,2013,1216,3,2,1,319,8030,BrkSide,2Story,Plywood,BuiltIn,Abnorml,307292
6,1243,2006,617,1,2,2,525,10002,Somerst,SFoyer,Wd Sdng,Attchd,Normal,305571
4,1758,1939,1260,2,2,2,355,9980,OldTown,SFoyer,Plywood,BuiltIn,Normal,340748
8,2130,2001,1424,1,1,0,101,10874,OldTown,SFoyer,Plywood,Attchd,Normal,492606
5,1916,1932,1205,1,4,3,97,10299,OldTown,1.5Fin,Wd Sdng,Detchd,Normal,346681
3,1527,1991,970,3,1,3,267,10878,Gilbert,2Story,BrkFace,CarPort,Normal,251589
10,1209,1900,903,3,4,0,331,15837,Edwards,SFoyer,Wd Sdng,,Abnorml,389380
9,1814,2018,901,1,2,0,841,12007,Sawyer,SFoyer,MetalSd,CarPort,Normal,448052
5,1677,1907,1279,1,3,0,576,7734,Somerst,2Story,HdBoard,CarPort,Normal,307505
6,1903,2000,437,2,5,0,592,8612,NAmes,1Story,VinylSd,None,Normal,320485
4,1786,1931,851,3,5,0,335,15655,BrkSide,SFoyer,Wd Sdng,Attchd,Normal,319288
9,1972,1947,1638,2,2,1,461,9467,NAmes,1Story,Wd Sdng,CarPort,Normal,470461
4,1259,2006,1654,2,1,2,865,7606,Gilbert,SFoyer,Plywood,None,Normal,288920
7,2093,2000,409,2,3,2,231,6775,NAmes,SLvl,MetalSd,None,Normal,401008
4,1589,1903,547,1,4,2,532,10177,OldTown,1.5Fin,Plywood,None,Normal,228760
7,2434,1993,892,2,2,3,740,6126,Crawfor,SFoyer,BrkFace,BuiltIn,Partial,476026
8,1190,1969,1357,2,3,1,624,16045,Somerst,SLvl,Wd Sdng,BuiltIn,Normal,357817
9,2281,2009,269,1,3,2,774,5642,Crawfor,2Story,Wd Sdng,None,Family,439490
9,1589,2017,978,3,4,3,488,17503,NridgHt,SLvl,Plywood,CarPort,Normal,440504
3,1207,1918,810,3,3,1,559,7916,Crawfor,2Story,Wd Sdng,Attchd,Abnorml,227786
6,1282,1931,,2,1,1,470,5544,Sawyer,SFoyer,BrkFace,Detchd,Normal,357773
7,1356,1908,329,1,1,3,546,9800,BrkSide,2Story,HdBoard,BuiltIn,Normal,350903
3,1691,1911,1037,3,1,1,285,5861,Gilbert,SLvl,VinylSd,CarPort,Family,263396
4,1735,1910,843,2,3,3,593,9140,BrkSide,1.5Fin,VinylSd,CarPort,Normal,337858
4,1242,1945,1588,2,1,2,503,6940,Sawyer,1Story,VinylSd,Detchd,Partial,311006
3,1489,2018,1239,1,4,3,461,13770,BrkSide,1Story,HdBoard,Detchd,Partial,296609
9,2464,1915,766,2,3,1,764,9571,Crawfor,1.5Fin,Wd Sdng,CarPort,Normal,445995
4,2277,1900,1341,3,5,2,402,5272,Edwards,1Story,Plywood,Detchd,Normal,349522
10,1696,1962,844,1,3,2,667,6880,BrkSide,SFoyer,MetalSd,CarPort,Normal,458924
8,1517,2008,1400,3,4,0,685,12360,NridgHt,SFoyer,Wd Sdng,Detchd,Normal,377929
8,1554,2018,905,3,5,0,604,16061,Somerst,SLvl,HdBoard,Detchd,Normal,365061
10,1776,2016,1422,3,3,1,276,8818,Somerst,SLvl,BrkFace,CarPort,Normal,537877
3,1040,1920,1174,2,1,3,515,5625,NAmes,2Story,HdBoard,None,Normal,283981
10,1384,1929,2304,2,2,3,803,14462,CollgCr,SLvl,VinylSd,CarPort,Abnorml,446069
7,749,1912,979,3,2,1,123,12335,Crawfor,SFoyer,Wd Sdng,Attchd,Normal,304423
7,1680,1933,1153,3,1,2,416,16203,OldTown,SLvl,VinylSd,Detchd,Normal,381747
3,1791,1903,808,1,2,1,659,10256,Sawyer,1Story,MetalSd,,Abnorml,280059
10,1283,1927,1001,1,2,1,429,7120,Gilbert,2Story,BrkFace,Detchd,Normal,399817
7,2208,2001,0,2,1,2,596,11357,Crawfor,2Story,VinylSd,Attchd,Normal,435487
9,948,1994,1186,2,1,3,704,10424,Somerst,SFoyer,MetalSd,BuiltIn,Normal,407207
10,841,1958,1537,1,3,1,492,6949,NAmes,SLvl,HdBoard,BuiltIn,Normal,386197
9,1601,2018,1159,3,3,3,542,9842,BrkSide,1Story,VinylSd,CarPort,Normal,485617
7,1971,1926,474,2,1,1,467,8244,OldTown,SLvl,VinylSd,None,Normal,370080
8,2258,1968,679,3,4,2,504,12576,OldTown,1.5Fin,Plywood,CarPort,Family,439367
7,1294,1924,28,1,2,2,828,11230,CollgCr,SLvl,BrkFace,BuiltIn,Normal,318021
9,1985,1902,1392,2,3,0,438,5607,Edwards,SFoyer,BrkFace,BuiltIn,Normal,417819
5,1483,1996,597,2,2,2,386,5358,CollgCr,SLvl,HdBoard,None,Normal,315443
6,1422,1967,989,1,5,0,638,8644,BrkSide,2Story,Plywood,Detchd,Partial,294481
4,1898,1924,939,2,1,1,298,9134,Crawfor,1Story,MetalSd,None,Abnorml,279924
10,1794,1919,1595,1,4,3,339,12675,NridgHt,SFoyer,MetalSd,CarPort,Normal,441175
5,791,1933,1034,2,5,2,340,,Sawyer,1.5Fin,HdBoard,Detchd,Normal,214046
7,2164,1925,1324,1,5,2,404,17351,OldTown,1Story,BrkFace,CarPort,Normal,387100
8,2121,1904,1219,2,5,2,412,7294,Gilbert,1Story,MetalSd,None,Partial,421641
3,1218,1998,1544,3,1,1,576,7109,Crawfor,2Story,HdBoard,Detchd,Normal,276499
7,1678,1960,904,3,3,0,388,5843,Gilbert,2Story,MetalSd,None,Normal,341995
8,1722,1991,1748,3,1,1,583,12610,NAmes,2Story,,Attchd,Normal,343630
6,1617,1992,206,2,3,3,606,9089,Gilbert,SFoyer,VinylSd,BuiltIn,Normal,399596
7,1252,1908,1343,2,5,1,332,3908,OldTown,SLvl,BrkFace,Detchd,Normal,371932
9,1198,2015,653,3,5,3,602,9857,OldTown,1Story,Wd Sdng,BuiltIn,Normal,416057
3,1489,2001,803,3,4,2,618,10144,OldTown,SLvl,HdBoard,Attchd,Normal,346792
8,2028,1949,1228,1,3,3,133,8434,Crawfor,SLvl,HdBoard,Detchd,Normal,410122
8,1745,1905,1225,1,5,3,503,10285,Crawfor,2Story,Wd Sdng,BuiltIn,Normal,478067
8,1333,1982,1243,1,2,0,359,5197,Sawyer,SLvl,VinylSd,BuiltIn,Normal,331198
6,1847,1959,446,3,4,3,685,18834,Somerst,1Story,VinylSd,Detchd,Normal,370241
7,500,1943,1580,3,1,3,357,10680,Edwards,1Story,Plywood,BuiltIn,Normal,273966
6,2017,2020,640,3,4,1,209,4051,BrkSide,1.5Fin,MetalSd,BuiltIn,Normal,373189
10,717,1910,693,1,2,2,445,8976,BrkSide,SFoyer,Plywood,Detchd,Normal,363046
4,1337,1965,1255,2,3,1,289,10808,NAmes,SLvl,VinylSd,BuiltIn,Normal,280036
4,996,1946,885,3,1,1,603,5454,CollgCr,SFoyer,Wd Sdng,BuiltIn,Normal,267161
10,917,2007,1123,2,1,2,304,11443,Sawyer,SFoyer,,CarPort,Normal,407296
7,2022,2007,,2,3,2,447,19176,Somerst,SFoyer,,CarPort,Partial,367910
9,1290,1972,1114,2,4,3,728,6735,NridgHt,SFoyer,Plywood,Attchd,Normal,392902
6,1656,1984,1087,1,5,3,648,10914,NAmes,1Story,HdBoard,CarPort,Normal,404627
3,1479,1987,796,2,4,0,536,9886,Crawfor,SLvl,Wd Sdng,CarPort,Normal,228654
8,1715,1997,170,3,2,1,427,13915,Somerst,1.5Fin,Plywood,Attchd,Family,403864
8,1535,1985,915,1,5,2,519,8570,OldTown,SFoyer,Plywood,BuiltIn,Normal,436195
7,923,1902,985,3,4,3,574,5569,Crawfor,1.5Fin,Plywood,BuiltIn,Normal,260795
9,1948,1975,853,3,3,2,272,13519,CollgCr,1Story,HdBoard,CarPort,Normal,481357
4,1278,1991,266,1,2,3,603,5720,CollgCr,1Story,HdBoard,Attchd,Normal,349025
4,800,1929,1638,3,2,0,252,20312,BrkSide,2Story,HdBoard,BuiltIn,Normal,246400
8,1307,1989,744,3,2,0,553,11583,Edwards,SFoyer,MetalSd,None,Normal,368283
7,2175,2011,911,1,5,2,251,6874,Edwards,2Story,HdBoard,Detchd,Normal,462055
6,1883,1920,36,3,1,0,803,14822,NridgHt,1.5Fin,HdBoard,Detchd,Normal,294843
4,1343,1927,1638,2,5,2,587,8963,Crawfor,SLvl,HdBoard,Detchd,Abnorml,308185
6,1343,2019,813,3,4,3,170,8147,Crawfor,2Story,Wd Sdng,CarPort,Normal,305933
9,1355,1989,1039,2,1,1,450,6625,CollgCr,1Story,HdBoard,Detchd,Normal,400092
4,2435,1961,1448,3,4,0,356,3865,OldTown,SFoyer,MetalSd,Detchd,Abnorml,378989
4,1672,1932,729,1,1,3,335,11813,OldTown,1.5Fin,Plywood,None,Abnorml,325981
5,1694,1984,1385,1,5,1,476,4326,Gilbert,1Story,Wd Sdng,BuiltIn,Family,380815
4,1964,1934,175,3,2,1,283,6298,OldTown,SLvl,VinylSd,None,Partial,259807
10,1607,1951,1220,1,3,1,587,10935,Somerst,SFoyer,HdBoard,CarPort,Family,414334
3,1383,1933,1629,3,2,3,577,7184,Edwards,SLvl,Plywood,Detchd,Normal,362333
10,1412,1940,768,1,5,3,513,9660,OldTown,SLvl,Plywood,BuiltIn,Partial,418519
7,1468,1950,1448,2,1,2,446,5213,Sawyer,SFoyer,Wd Sdng,Detchd,Partial,383281
7,1483,1946,1734,3,2,1,569,7694,Crawfor,SFoyer,VinylSd,Detchd,Normal,372070
6,1827,1981,898,2,5,1,592,9687,OldTown,SLvl,BrkFace,CarPort,Normal,328946
10,1523,1957,865,2,4,1,532,5865,Gilbert,1.5Fin,MetalSd,Detchd,Family,472574
10,1830,1974,641,3,3,2,214,,NridgHt,SFoyer,BrkFace,Attchd,Normal,428715
10,1464,1956,796,2,2,1,308,6756,NridgHt,1Story,Plywood,BuiltIn,Partial,369205
9,1535,1922,674,3,1,3,402,16735,CollgCr,2Story,BrkFace,BuiltIn,Normal,387439
4,601,1947,640,2,4,1,184,8345,OldTown,1.5Fin,Plywood,Attchd,Normal,134165
3,1912,1921,1480,3,5,0,490,4443,Crawfor,SFoyer,BrkFace,CarPort,Normal,268655
6,1656,1916,684,3,3,3,704,5396,Crawfor,SFoyer,Plywood,Detchd,Normal,311255
10,1949,1968,1103,1,1,2,675,9742,Edwards,1.5Fin,Plywood,Detchd,Normal,492390
10,500,2007,1015,3,5,1,583,14325,NridgHt,2Story,Wd Sdng,BuiltIn,Normal,333206
5,2440,1910,1599,3,5,0,581,19958,CollgCr,SLvl,VinylSd,CarPort,Normal,407538
6,1437,1993,799,2,2,2,849,9535,OldTown,1Story,Plywood,CarPort,Normal,388937
10,1999,1914,1152,3,2,2,602,5299,NridgHt,SFoyer,MetalSd,CarPort,Normal,490086
6,1032,1990,1316,1,1,3,617,10202,NridgHt,2Story,MetalSd,Detchd,Normal,331421
4,1776,1934,1596,2,5,2,191,6208,Crawfor,1Story,HdBoard,CarPort,Normal,339499
5,1026,1932,793,2,2,2,690,10737,OldTown,1.5Fin,Plywood,Attchd,Normal,218331
6,1219,1983,753,1,3,2,522,5892,NAmes,SFoyer,Plywood,None,Normal,314848
3,2361,1915,575,2,3,2,436,3515,OldTown,SLvl,Plywood,CarPort,Normal,285835
3,1414,1933,1895,2,5,1,391,16278,Somerst,1.5Fin,BrkFace,None,Normal,307926
7,1598,1965,1554,2,2,1,351,8128,NridgHt,SFoyer,Plywood,Detchd,Normal,471536
5,1892,1998,983,2,1,1,676,9203,Edwards,2Story,Plywood,CarPort,Normal,365299
5,1723,1939,1773,1,1,1,445,14094,NAmes,1Story,MetalSd,BuiltIn,Partial,278340
7,1568,2019,959,1,1,0,358,20962,Gilbert,1Story,VinylSd,Detchd,Abnorml,347272
6,1664,1927,1290,2,3,1,311,12444,CollgCr,SFoyer,VinylSd,Attchd,Partial,349987
5,2582,1946,1004,2,2,2,481,9427,OldTown,1.5Fin,HdBoard,Attchd,Normal,402348
3,1474,1938,1159,1,2,1,385,11084,Edwards,SLvl,MetalSd,None,Normal,238037
3,1590,1969,1117,1,3,1,344,7882,Gilbert,2Story,Plywood,None,Normal,287180
10,1973,1972,830,1,1,3,201,9147,Gilbert,SFoyer,VinylSd,BuiltIn,Normal,432537
4,1997,1919,1437,2,1,2,623,9606,NridgHt,2Story,Wd Sdng,BuiltIn,Family,308748
5,2034,1900,1286,2,5,1,425,6317,Somerst,1Story,Wd Sdng,Attchd,Normal,367163
6,1787,1971,1411,3,4,1,255,9086,NridgHt,SLvl,Wd Sdng,CarPort,Normal,334612
7,986,2018,1128,1,2,1,401,10617,CollgCr,2Story,Plywood,Attchd,Normal,352767
7,2235,1986,637,2,2,0,549,11358,NAmes,SFoyer,Plywood,Attchd,Partial,342489
6,984,1962,1684,1,2,1,455,10957,Crawfor,SLvl,HdBoard,BuiltIn,Partial,379009
9,1636,1966,895,2,4,3,484,4927,Sawyer,1.5Fin,HdBoard,None,Normal,402426
8,1161,1903,1146,1,5,2,458,15649,NAmes,SFoyer,HdBoard,BuiltIn,Abnorml,345107
4,1471,1957,1254,2,4,2,220,15075,CollgCr,2Story,BrkFace,BuiltIn,Normal,317036
7,1648,1924,1143,3,1,1,621,8619,Crawfor,SLvl,Wd Sdng,BuiltIn,Abnorml,340818
5,1645,1946,1366,3,1,1,143,11047,Gilbert,SFoyer,Plywood,Attchd,Family,334704
4,1690,1937,1429,1,2,1,533,8164,NAmes,SLvl,Wd Sdng,CarPort,Partial,331152
5,2226,1914,910,2,3,2,561,12624,Crawfor,SLvl,HdBoard,Attchd,Normal,394921
9,1704,1962,1650,2,2,2,410,6239,OldTown,SLvl,Plywood,Detchd,Normal,475752
3,1390,1920,893,1,3,0,514,16467,NridgHt,2Story,MetalSd,BuiltIn,Normal,225492
4,1934,1998,1135,2,4,3,400,12345,Sawyer,SFoyer,VinylSd,BuiltIn,Normal,353143
10,2035,1956,845,1,1,0,516,12474,Edwards,1Story,VinylSd,Detchd,Partial,523419
7,948,2016,731,2,3,3,629,8584,OldTown,1Story,HdBoard,BuiltIn,Normal,373931
4,1769,1952,1418,1,4,0,307,4766,NAmes,2Story,Wd Sdng,BuiltIn,Normal,276041
4,1816,1945,2249,2,1,2,571,13397,BrkSide,2Story,MetalSd,BuiltIn,Normal,366665
4,1366,2015,855,1,3,0,755,4838,Crawfor,SLvl,Plywood,Detchd,Normal,262395
8,2119,1913,1486,2,2,3,498,13469,Gilbert,SFoyer,Wd Sdng,Attchd,Normal,446448
4,1432,1999,870,3,2,1,359,6358,Gilbert,SFoyer,HdBoard,BuiltIn,Normal,244568
5,1557,1975,996,2,2,3,857,4406,BrkSide,1.5Fin,Wd Sdng,CarPort,Normal,326968
3,1422,1916,1703,1,4,1,,9004,NAmes,1.5Fin,HdBoard,Detchd,Normal,336659
9,1507,1938,571,3,2,2,492,15325,Gilbert,1Story,BrkFace,,Partial,409778
6,1007,1908,465,2,5,3,495,5828,Somerst,1.5Fin,VinylSd,Detchd,Normal,199609
4,852,1998,965,3,1,0,531,18482,Gilbert,1.5Fin,VinylSd,Attchd,Abnorml,277760
7,2218,1976,1265,2,4,3,389,12095,Sawyer,1Story,Wd Sdng,Detchd,Normal,482762
4,1119,1978,1185,3,2,1,484,9658,Somerst,1Story,MetalSd,None,Normal,257325
7,1054,1981,1144,1,1,2,621,7398,CollgCr,1.5Fin,Plywood,CarPort,Normal,367444
5,531,2014,1014,2,3,0,383,7634,CollgCr,SFoyer,HdBoard,None,Normal,208736
7,1212,1996,1315,2,2,3,374,10922,Crawfor,1.5Fin,Plywood,Detchd,Normal,359466
10,905,1905,0,1,1,1,397,13170,Somerst,SLvl,VinylSd,None,Normal,378574
6,2239,1990,700,3,5,0,252,6891,OldTown,SLvl,MetalSd,Detchd,Normal,362414
3,1954,1922,963,1,3,2,327,6261,Crawfor,SLvl,MetalSd,CarPort,Normal,235314
7,1190,1958,1282,1,5,0,320,8174,OldTown,2Story,Plywood,CarPort,Normal,325404
7,2514,1990,1596,3,1,2,450,16850,Sawyer,SLvl,VinylSd,Attchd,Normal,467159
3,1942,1997,646,1,5,0,601,5205,NridgHt,SFoyer,Plywood,CarPort,Normal,325453
6,1354,2019,1583,2,1,3,712,15049,NAmes,2Story,Wd Sdng,BuiltIn,Abnorml,380207
4,500,1945,819,2,1,1,460,9173,Somerst,2Story,MetalSd,None,Normal,187660
7,2531,1937,948,2,5,3,532,4278,BrkSide,SLvl,MetalSd,None,Normal,483832
3,875,1913,1233,1,1,3,494,7312,Edwards,1.5Fin,Wd Sdng,Detchd,Family,243258
10,760,1999,919,2,2,2,73,11841,NAmes,1Story,VinylSd,CarPort,Normal,356664
10,1960,2016,1444,2,1,2,243,20248,Sawyer,1.5Fin,MetalSd,Attchd,Family,535965
5,2598,1971,838,2,4,2,,4953,Somerst,1.5Fin,BrkFace,Attchd,Normal,407708
3,2123,1961,844,2,1,3,605,2531,CollgCr,2Story,BrkFace,Attchd,Partial,331117
5,1754,1934,1421,2,4,0,600,4992,NAmes,2Story,BrkFace,BuiltIn,Normal,331012
10,1768,1918,695,2,1,0,418,14968,OldTown,2Story,HdBoard,CarPort,Abnorml,368952
6,1884,1929,1100,1,1,3,91,4015,BrkSide,SFoyer,HdBoard,Attchd,Normal,361582
4,1842,1977,336,2,5,3,265,17654,NAmes,SFoyer,VinylSd,BuiltIn,Normal,318285
3,1627,1983,1728,2,2,1,292,15547,Edwards,1Story,Wd Sdng,None,Normal,299442
9,1547,2012,1483,3,2,2,563,9808,Sawyer,2Story,Plywood,Detchd,Normal,487465
10,1472,1924,2100,1,3,2,386,6789,Sawyer,SLvl,VinylSd,CarPort,Normal,466509
10,1161,1939,1535,1,5,3,754,9227,Crawfor,2Story,Plywood,CarPort,Normal,461472
9,1374,1987,548,1,5,3,714,11849,Sawyer,SFoyer,VinylSd,None,Abnorml,403309
8,738,1913,1267,1,2,0,751,11062,Crawfor,2Story,HdBoard,CarPort,Normal,340915
10,1456,1925,633,2,5,3,285,19689,Sawyer,SFoyer,BrkFace,CarPort,Partial,432518
7,1055,2001,1631,2,2,0,538,8006,Edwards,2Story,,CarPort,Normal,340930
6,1003,1986,560,3,5,3,364,5012,Sawyer,SLvl,HdBoard,CarPort,Family,308860
3,1581,1921,540,3,1,1,509,4629,BrkSide,1Story,Wd Sdng,,Abnorml,212320
9,2126,1947,356,1,2,1,305,4231,NridgHt,SLvl,Plywood,BuiltIn,Normal,436402
7,1913,2020,805,3,2,0,671,9831,CollgCr,SFoyer,VinylSd,Detchd,Partial,379243
9,793,1982,724,3,4,2,308,8099,BrkSide,1.5Fin,MetalSd,CarPort,Partial,334745
3,1055,2009,495,1,5,1,99,9133,Sawyer,SLvl,MetalSd,None,Normal,265426
5,1923,1950,1796,1,5,0,816,7068,Somerst,2Story,Wd Sdng,Attchd,Normal,310827
3,1058,1902,1212,3,2,3,530,5461,OldTown,1Story,BrkFace,Detchd,Normal,234483
8,1399,1941,1165,2,1,3,258,11866,NridgHt,2Story,BrkFace,Attchd,Partial,428920
3,1748,1918,1636,3,1,0,421,2971,CollgCr,2Story,Wd Sdng,Attchd,Normal,294903
3,1064,1972,1103,3,1,2,346,6275,OldTown,SLvl,HdBoard,CarPort,Normal,249730
8,1547,1927,701,2,5,0,451,12822,BrkSide,1Story,MetalSd,None,Normal,357095
6,900,1983,320,2,4,0,595,6001,Edwards,1.5Fin,HdBoard,Attchd,Normal,262729
10,1229,1944,678,1,2,1,566,10735,Edwards,2Story,Plywood,Attchd,Partial,330822
3,1644,1970,1602,1,3,0,496,6278,OldTown,1Story,MetalSd,Detchd,Family,275646
8,783,1977,498,3,4,0,451,7331,Somerst,1.5Fin,Plywood,None,Normal,352983
7,1698,1962,1141,2,3,3,644,11657,OldTown,2Story,VinylSd,None,Normal,374709
5,1491,1972,1414,1,4,1,103,5064,BrkSide,1Story,HdBoard,Attchd,Normal,315174
5,1749,2018,1114,3,1,3,315,12586,OldTown,SLvl,Wd Sdng,None,Normal,351708
3,1601,2020,1160,2,5,3,274,,CollgCr,2Story,MetalSd,Detchd,Normal,314629
6,2114,1918,1262,3,3,2,631,15841,Somerst,2Story,HdBoard,Detchd,Normal,367811
6,1556,1946,1152,1,4,2,317,9884,Gilbert,1Story,Wd Sdng,Detchd,Normal,366556
7,1307,2015,1644,1,5,1,219,5562,NAmes,2Story,VinylSd,CarPort,Normal,382221
3,1555,1913,584,2,3,1,549,19586,Gilbert,1.5Fin,MetalSd,Attchd,Normal,270389
5,1744,2019,1096,3,2,2,286,5775,Crawfor,2Story,Plywood,None,Normal,321127
6,1522,1937,273,2,4,2,387,8125,OldTown,SFoyer,VinylSd,Detchd,Partial,302043
3,1518,1952,171,1,2,2,879,13847,Edwards,1.5Fin,BrkFace,Attchd,Normal,239935
9,1184,1960,967,1,1,2,592,3862,Gilbert,1Story,Wd Sdng,Attchd,Normal,400593
6,1202,1935,1217,3,2,2,412,17203,Sawyer,1.5Fin,MetalSd,CarPort,Partial,294732
8,869,1939,1652,3,2,3,428,5362,BrkSide,SFoyer,MetalSd,None,Normal,401793
9,2287,1980,1968,3,4,1,613,7334,Gilbert,SFoyer,VinylSd,None,Normal,536930
10,940,1929,1528,2,1,3,569,10249,NridgHt,2Story,MetalSd,Detchd,Normal,377619
6,1188,1908,1291,3,2,3,464,8833,Somerst,2Story,Wd Sdng,Detchd,Normal,312104
5,1177,1963,1064,3,5,0,469,12837,BrkSide,SLvl,VinylSd,Attchd,Partial,257647
4,1903,1932,388,1,3,3,184,4379,Edwards,1.5Fin,Plywood,None,Normal,405439
9,1367,2019,942,1,2,2,146,12486,Crawfor,SLvl,VinylSd,None,Normal,397198
10,2061,1951,1516,3,1,2,418,12942,Gilbert,SFoyer,VinylSd,Detchd,Normal,548102
7,1197,1988,1359,3,2,0,336,14302,Somerst,2Story,Plywood,BuiltIn,Normal,294008
7,1626,1913,485,1,3,0,555,4401,NAmes,2Story,BrkFace,Attchd,Family,286537
5,1124,1974,1246,3,1,0,485,4647,Somerst,2Story,Wd Sdng,None,Normal,257379
6,2465,1952,1211,2,4,0,311,7715,Somerst,1Story,BrkFace,CarPort,Normal,367661
3,966,1998,1140,2,1,0,479,4879,BrkSide,SFoyer,BrkFace,,Normal,218474
6,1639,2004,989,2,4,3,375,3997,NAmes,2Story,BrkFace,BuiltIn,Normal,351733
5,1785,1958,1266,3,1,0,822,7567,Somerst,SFoyer,HdBoard,Detchd,Normal,299008
7,1686,1977,1279,1,3,3,520,10000,NridgHt,2Story,BrkFace,Detchd,Normal,446012
6,1417,1993,743,3,3,1,169,,Gilbert,1.5Fin,HdBoard,Detchd,Normal,367363
7,1442,1940,1182,3,1,0,778,11521,Gilbert,SFoyer,Plywood,CarPort,Normal,371745
9,1520,1967,924,1,2,0,336,19801,NridgHt,SLvl,Wd Sdng,Detchd,Normal,404430
10,1434,1967,405,1,3,3,275,8823,Gilbert,1Story,BrkFace,CarPort,Normal,422721
3,1934,1991,775,1,4,1,836,11577,Somerst,SLvl,MetalSd,BuiltIn,Normal,280529
9,2495,1907,375,2,4,3,512,8427,Crawfor,SFoyer,Plywood,Attchd,Normal,427639
7,1249,1901,1392,3,5,3,576,30103,Somerst,2Story,HdBoard,None,Abnorml,370350
7,884,2004,1142,1,4,0,582,6611,BrkSide,SFoyer,Wd Sdng,BuiltIn,Normal,270193
4,1460,2009,858,3,5,2,413,7027,Sawyer,1Story,VinylSd,CarPort,Normal,268993
4,2661,1985,1568,2,1,2,,12880,Crawfor,SFoyer,Wd Sdng,BuiltIn,Normal,453057
9,1138,1940,1027,2,1,3,376,9881,Edwards,2Story,Wd Sdng,None,Abnorml,456818
8,2238,2019,428,1,1,0,740,7436,Edwards,SLvl,BrkFace,Attchd,Normal,427345
9,2255,1954,824,1,2,1,487,13865,Crawfor,1.5Fin,BrkFace,None,Normal,485191
4,1251,1915,1653,3,2,2,686,8835,Somerst,SLvl,HdBoard,CarPort,Family,283825
7,1756,1992,732,1,5,1,436,8807,OldTown,2Story,HdBoard,None,Partial,324501
5,2233,1961,,3,4,2,314,9984,Sawyer,2Story,BrkFace,BuiltIn,Normal,402001
9,1329,2012,1298,1,4,0,190,4124,NridgHt,1Story,BrkFace,Detchd,Normal,416030
7,1408,1947,1236,3,1,3,,4394,Somerst,SFoyer,MetalSd,BuiltIn,Normal,378118
5,1238,1929,1980,3,3,1,755,14678,Crawfor,SFoyer,MetalSd,CarPort,Normal,307917
5,1043,1911,529,3,2,1,291,6637,OldTown,SLvl,Plywood,Attchd,Abnorml,280167
4,1208,1934,569,3,2,3,542,8477,Somerst,1.5Fin,BrkFace,None,Normal,233514
9,949,1910,536,2,1,1,202,18594,OldTown,1.5Fin,VinylSd,Attchd,Partial,300353
6,1515,1963,882,3,2,2,350,8651,Crawfor,1Story,,CarPort,Normal,305961
3,1154,2009,1440,1,1,3,498,8188,Somerst,2Story,HdBoard,None,Normal,294174
4,1605,1949,587,2,5,2,139,13470,NAmes,1Story,Wd Sdng,BuiltIn,Normal,252094
4,800,1984,1445,2,4,2,447,6876,Gilbert,SFoyer,Plywood,BuiltIn,Normal,244627
6,1649,1920,1014,3,3,0,299,15464,Crawfor,2Story,MetalSd,CarPort,Normal,296464
3,1875,1968,556,2,4,2,559,13346,Edwards,1Story,Wd Sdng,None,Normal,282964
7,603,1947,299,3,4,0,420,20509,Edwards,SLvl,,BuiltIn,Normal,194382
8,1668,1919,389,1,5,1,619,6597,Sawyer,SFoyer,MetalSd,CarPort,Normal,359517
9,2052,2000,734,3,2,1,400,16649,CollgCr,1.5Fin,VinylSd,CarPort,Normal,483246
8,956,1966,932,2,3,0,205,11549,Edwards,1Story,VinylSd,Attchd,Normal,326562
7,2253,1943,1538,1,2,2,182,4957,CollgCr,SFoyer,Plywood,BuiltIn,Normal,490501
10,1689,1932,1320,3,4,3,106,2798,NAmes,SFoyer,VinylSd,None,Normal,508565
4,1183,2016,664,1,1,3,564,6285,Crawfor,1.5Fin,Plywood,BuiltIn,Normal,317186
3,1475,1972,1163,1,4,0,910,10265,OldTown,1.5Fin,HdBoard,BuiltIn,Normal,262944
4,1751,1960,1661,2,2,1,528,10958,Sawyer,1.5Fin,MetalSd,BuiltIn,Normal,330248
5,1534,1908,1750,1,4,1,751,8764,Gilbert,1Story,Wd Sdng,CarPort,Normal,352033
4,1742,1967,874,2,1,3,654,8799,NridgHt,1.5Fin,Plywood,Detchd,Normal,313282
4,1086,1934,1383,1,5,0,357,8504,CollgCr,SLvl,VinylSd,Detchd,Partial,185467
7,1576,1980,1556,3,2,3,678,14314,Gilbert,SFoyer,Plywood,Attchd,Normal,424880
7,864,1997,397,1,4,2,364,4716,Sawyer,1.5Fin,BrkFace,BuiltIn,Normal,266358
7,1450,1987,795,3,2,2,367,10155,Sawyer,SFoyer,Plywood,Detchd,Normal,327650
8,1093,1995,1888,3,5,0,412,6215,Edwards,2Story,VinylSd,Attchd,Partial,372813
5,1169,1964,880,1,4,0,421,5985,Gilbert,2Story,BrkFace,CarPort,Normal,266146
10,2056,1907,0,3,4,2,569,15280,Somerst,1.5Fin,BrkFace,BuiltIn,Normal,375527
10,1991,1944,952,1,2,1,329,5782,BrkSide,SFoyer,VinylSd,None,Normal,456437
7,1774,1986,1450,1,2,0,610,8452,Sawyer,2Story,BrkFace,CarPort,Normal,418115
3,1008,1946,1003,3,1,2,607,21727,CollgCr,1.5Fin,MetalSd,Attchd,Family,197713
8,1358,1939,1286,3,5,2,512,13123,NridgHt,SFoyer,Wd Sdng,CarPort,Normal,426147
6,2046,1975,1375,2,1,1,799,7334,NridgHt,1.5Fin,MetalSd,None,Normal,334719
3,1564,1953,858,3,4,1,682,7611,NAmes,SFoyer,MetalSd,CarPort,Partial,337686
9,2544,1975,792,2,2,1,643,5181,NAmes,2Story,VinylSd,Attchd,Normal,457876
9,1677,1945,1061,3,4,1,462,16160,Edwards,1.5Fin,VinylSd,None,Normal,414257
3,1586,1946,1071,1,4,3,513,14187,Somerst,2Story,Wd Sdng,None,Normal,228714
7,1361,1914,1022,3,3,1,544,12258,Edwards,1.5Fin,Plywood,CarPort,Normal,330170
6,1560,2004,1038,1,3,3,452,12882,NridgHt,1Story,MetalSd,None,Normal,380327
6,1431,1918,701,1,4,0,382,6351,OldTown,2Story,BrkFace,CarPort,Normal,290344
8,1819,1925,1300,1,2,2,17,4485,NridgHt,2Story,Wd Sdng,BuiltIn,Normal,393467
6,1931,1951,1240,2,4,3,579,11582,Sawyer,SLvl,MetalSd,None,Partial,360845
9,1146,1992,466,3,3,0,637,13424,Gilbert,2Story,Plywood,CarPort,Family,387828
5,901,1921,844,1,2,0,241,18549,Gilbert,SFoyer,BrkFace,BuiltIn,Normal,238443
7,674,2003,1037,1,4,3,559,8222,Sawyer,1.5Fin,MetalSd,None,Normal,381521
6,1729,1920,786,2,5,0,344,7700,Sawyer,1Story,HdBoard,BuiltIn,Normal,300758
8,1003,1950,1255,3,5,0,384,8081,NridgHt,SFoyer,Wd Sdng,None,Normal,317432
9,531,1937,973,3,4,3,686,12171,Gilbert,SFoyer,VinylSd,Attchd,Normal,370676
5,1675,1919,1068,2,2,0,272,7927,Gilbert,SFoyer,MetalSd,Attchd,Normal,245951
4,2622,2020,840,2,4,1,271,8791,Crawfor,SFoyer,BrkFace,CarPort,Normal,338579
4,1497,1928,203,3,4,1,775,13081,Gilbert,1Story,BrkFace,Detchd,Normal,289792
5,1877,1950,180,2,3,2,424,6791,Sawyer,SLvl,Wd Sdng,Attchd,Family,277557
9,1537,1903,1236,3,5,0,674,16831,NAmes,2Story,Wd Sdng,Detchd,Normal,318618
8,1455,1954,1107,3,3,2,162,11967,Somerst,SFoyer,BrkFace,BuiltIn,Abnorml,451768
5,1914,1970,1175,1,3,1,177,3901,OldTown,2Story,BrkFace,BuiltIn,Normal,300391
7,1369,1991,1054,1,4,1,286,7137,Sawyer,2Story,BrkFace,Detchd,Family,359759
7,1620,1927,1086,3,3,1,363,3619,Gilbert,SFoyer,MetalSd,CarPort,Normal,359678
4,1645,1903,1388,3,5,0,197,8238,CollgCr,SLvl,BrkFace,None,Normal,187333
6,1199,1921,1178,3,3,0,516,7192,NridgHt,2Story,VinylSd,Detchd,Normal,284049
8,1946,1975,1416,3,5,1,,13104,NridgHt,1.5Fin,BrkFace,Detchd,Normal,442954
4,1421,1944,1069,3,3,2,288,6054,Somerst,2Story,VinylSd,Detchd,Normal,304391
6,1160,1966,880,3,5,2,303,10716,Sawyer,SFoyer,MetalSd,Detchd,Normal,346923
6,1741,1985,1078,2,3,3,326,11626,Somerst,1Story,Wd Sdng,Detchd,Normal,368993
10,1096,2007,666,3,3,1,240,10104,NAmes,2Story,VinylSd,CarPort,Normal,414198
7,1513,1965,848,2,2,2,0,15033,BrkSide,SLvl,MetalSd,Attchd,Normal,338278
9,1496,1987,1071,2,5,1,435,22827,Edwards,1.5Fin,BrkFace,None,Normal,357069
3,1989,1933,1066,3,5,2,373,9465,CollgCr,1.5Fin,MetalSd,Attchd,Normal,264315
9,1714,1990,957,3,5,3,391,10800,Edwards,1Story,BrkFace,Detchd,Partial,392371
3,1489,1954,445,2,1,3,268,6056,BrkSide,1Story,MetalSd,Attchd,Normal,303086
5,1868,2004,1255,2,3,1,596,5688,CollgCr,2Story,Wd Sdng,CarPort,Family,304015
7,2126,1900,1334,3,5,2,887,14331,Edwards,SFoyer,VinylSd,BuiltIn,Normal,418731
6,1751,1971,1657,3,1,0,300,13503,CollgCr,SLvl,Wd Sdng,Attchd,Normal,354763
8,1505,1986,1177,2,2,3,702,5663,Somerst,1.5Fin,HdBoard,None,Normal,408977
3,910,1937,1001,2,5,1,516,4995,OldTown,1Story,BrkFace,CarPort,Normal,263261
9,1021,1905,595,2,5,1,456,6721,Crawfor,SLvl,VinylSd,BuiltIn,Normal,318305
6,1363,1985,1597,1,1,2,388,8445,CollgCr,SFoyer,Wd Sdng,CarPort,Normal,381776
3,1226,1924,1099,2,3,1,435,7487,BrkSide,1.5Fin,VinylSd,Detchd,Normal,240730
3,1416,1981,1077,1,2,3,657,9674,Somerst,1.5Fin,HdBoard,BuiltIn,Normal,285824
10,1525,1916,898,3,5,1,245,13598,Crawfor,SFoyer,Plywood,None,Normal,487304
3,1738,1960,873,3,3,1,400,11080,Somerst,1.5Fin,BrkFace,BuiltIn,Normal,228458
8,1468,1911,1275,2,2,0,675,11456,NAmes,SFoyer,BrkFace,None,Normal,403595
7,1719,1905,591,3,4,0,627,2986,Gilbert,1.5Fin,MetalSd,Detchd,Normal,352834
8,1529,1989,1650,3,4,3,248,4353,NridgHt,2Story,BrkFace,None,Normal,414892
4,611,1926,1563,3,2,2,417,6289,NAmes,SFoyer,BrkFace,CarPort,Normal,301056
6,1077,1907,858,3,1,0,581,6774,BrkSide,SLvl,Wd Sdng,Attchd,Normal,204871
7,1435,1982,654,1,2,2,569,13133,Sawyer,2Story,BrkFace,CarPort,Normal,335753
10,956,2005,194,1,2,3,626,6060,Sawyer,SLvl,BrkFace,CarPort,Normal,343443
7,1770,1964,499,2,1,0,519,12150,NridgHt,1.5Fin,HdBoard,BuiltIn,Normal,359638
7,2189,1956,1292,2,1,2,549,6321,Somerst,SLvl,HdBoard,Detchd,Normal,387438
9,2048,1992,1126,2,3,0,512,5243,OldTown,2Story,VinylSd,Attchd,Normal,454167
7,1404,2008,1197,3,3,3,734,5353,BrkSide,SFoyer,VinylSd,None,Normal,382670
10,2171,2012,262,3,1,3,374,24865,NridgHt,1Story,BrkFace,BuiltIn,Normal,464218
8,1567,1998,842,1,4,0,459,6258,Crawfor,SLvl,BrkFace,Detchd,Normal,386098
7,1348,1939,1547,1,4,2,267,12282,Crawfor,1Story,MetalSd,Attchd,Normal,358593
5,1224,1913,962,2,2,1,,4464,Sawyer,SLvl,VinylSd,CarPort,Partial,237618
6,1364,1934,491,1,5,1,508,17043,Gilbert,SLvl,Wd Sdng,Detchd,Normal,395033
7,1325,1947,955,1,2,0,320,10531,Somerst,SFoyer,BrkFace,Detchd,Normal,306499
6,1577,2008,692,1,2,2,440,10181,Sawyer,1.5Fin,Wd Sdng,Detchd,Normal,272879
5,1572,1983,1133,1,5,1,741,10842,OldTown,2Story,BrkFace,CarPort,Normal,295832
5,1501,1955,1008,1,1,3,731,11393,NridgHt,2Story,Wd Sdng,None,Partial,288250
6,1697,1948,1217,2,4,2,850,12953,CollgCr,2Story,Plywood,BuiltIn,Normal,391785
3,2036,1912,,2,2,1,745,6873,OldTown,1.5Fin,Wd Sdng,None,Family,287913
4,1927,1960,821,1,5,2,883,6695,CollgCr,1Story,VinylSd,Attchd,Normal,339215
9,832,2001,1436,2,3,0,529,9202,Somerst,2Story,BrkFace,BuiltIn,Normal,347959
3,500,1948,458,3,2,2,287,12246,NridgHt,1Story,VinylSd,Attchd,Normal,170753
3,1920,1945,599,1,4,1,270,8734,Crawfor,1.5Fin,Wd Sdng,CarPort,Normal,266232
8,885,2012,1080,3,1,0,701,12749,Crawfor,1.5Fin,HdBoard,None,Normal,330333
9,1399,1961,1115,2,2,2,459,11885,NAmes,SFoyer,HdBoard,Detchd,Normal,435437
9,973,1907,804,2,2,3,473,8163,Crawfor,2Story,HdBoard,BuiltIn,Normal,373628
3,689,1942,889,3,5,1,351,4100,BrkSide,SFoyer,BrkFace,Detchd,Partial,213794
7,1744,1919,1213,2,3,0,,7175,NAmes,2Story,MetalSd,Attchd,Normal,374490
8,1842,1996,1340,1,3,2,519,19717,NAmes,1.5Fin,Plywood,Detchd,Normal,465005
8,1241,1989,572,3,1,3,260,10488,Crawfor,1.5Fin,Wd Sdng,Detchd,Normal,382430
5,500,1938,1146,1,4,1,496,6749,Sawyer,SLvl,MetalSd,CarPort,Normal,246670
10,1254,1984,1605,3,1,3,722,10075,Gilbert,SLvl,HdBoard,CarPort,Normal,493833
9,1676,2016,954,2,2,2,66,12203,Gilbert,1.5Fin,Wd Sdng,None,Normal,411813
3,834,1948,568,3,2,2,173,6751,BrkSide,1.5Fin,MetalSd,Attchd,Normal,179479
5,1583,1963,550,3,3,0,572,15692,Edwards,1Story,VinylSd,CarPort,Normal,247218
6,1493,1961,936,1,4,3,696,11249,Sawyer,1Story,HdBoard,CarPort,Normal,359387
4,1761,2005,1414,2,5,0,362,5486,Edwards,SFoyer,MetalSd,None,Normal,255934
10,1554,2006,984,1,4,1,90,13231,CollgCr,SLvl,BrkFace,BuiltIn,Abnorml,450665
10,1062,1953,1076,2,2,0,708,7485,Sawyer,SLvl,VinylSd,None,Normal,371738
10,2038,2004,601,1,5,1,304,8303,NridgHt,1.5Fin,HdBoard,Detchd,Normal,496597
8,1429,1908,1393,3,4,2,385,5698,Edwards,1.5Fin,Plywood,Detchd,Normal,359413
6,1488,1987,542,1,4,2,507,11958,BrkSide,SFoyer,HdBoard,CarPort,Normal,326204
10,1080,1936,798,2,5,3,330,8417,BrkSide,SLvl,BrkFace,CarPort,Normal,438207
6,1301,1948,1252,2,2,1,292,12188,Sawyer,1Story,Plywood,None,Normal,370805
7,1102,1940,184,3,4,2,296,7024,NAmes,2Story,Plywood,None,Normal,278285
10,1422,1916,1070,2,5,3,784,6671,NridgHt,SFoyer,Plywood,Attchd,Normal,435462
4,2270,1987,584,1,2,3,659,6432,Somerst,2Story,Wd Sdng,Detchd,Normal,371745
6,883,1920,1007,3,5,0,553,10756,NridgHt,1Story,Wd Sdng,None,Normal,276548
6,774,1950,859,2,5,3,56,6626,BrkSide,1Story,Plywood,BuiltIn,Normal,284425
4,2162,1958,1842,2,4,2,554,8214,CollgCr,2Story,VinylSd,Attchd,Normal,422968
10,1406,1938,843,1,2,0,544,7127,Edwards,SFoyer,Plywood,None,Normal,323315
4,1199,1954,1737,1,4,1,220,10971,Edwards,2Story,MetalSd,CarPort,Partial,274480
6,1968,1940,1235,3,1,1,497,4122,CollgCr,SFoyer,Plywood,None,Normal,385503
4,1227,1938,679,2,1,2,639,,OldTown,SFoyer,Wd Sdng,CarPort,Normal,278293
6,2322,1912,1132,1,2,2,552,19616,Sawyer,1.5Fin,Wd Sdng,CarPort,Normal,445117
6,1805,1963,878,3,5,0,328,15696,BrkSide,SLvl,MetalSd,Detchd,Normal,380793
7,1280,1910,1097,2,4,0,452,6819,Gilbert,SLvl,MetalSd,Detchd,Normal,305901
3,2471,2009,714,2,4,2,581,11244,Crawfor,1Story,HdBoard,None,Family,398060
6,1227,1918,1676,3,2,2,461,10303,CollgCr,1.5Fin,VinylSd,None,Family,311194
10,1834,1910,1370,3,2,1,676,17435,CollgCr,SLvl,VinylSd,BuiltIn,Normal,477581
5,1635,1976,1013,1,1,1,521,2909,NridgHt,SFoyer,VinylSd,Attchd,Normal,387448
5,729,1931,1327,3,1,1,475,10349,OldTown,1.5Fin,BrkFace,Detchd,Normal,196330
8,1020,1942,789,2,2,3,553,9320,NridgHt,SLvl,HdBoard,None,Normal,390935
7,2198,1920,1084,2,5,0,520,4749,Crawfor,SLvl,Vinyl,None,Normal,384972
5,1066,1906,1419,3,1,0,894,7290,OldTown,SLvl,MetalSd,CarPort,Normal,272664
9,2233,1995,1598,1,1,0,553,15159,BrkSide,2Story,HdBoard,CarPort,Normal,456241
